CREATE DATABASE  IF NOT EXISTS `art` /*!40100 DEFAULT CHARACTER SET latin1 */;
USE `art`;
-- MySQL dump 10.13  Distrib 5.7.22, for macos10.13 (x86_64)
--
-- Host: 127.0.0.1    Database: art
-- ------------------------------------------------------
-- Server version	5.7.22

/*!40101 SET @OLD_CHARACTER_SET_CLIENT=@@CHARACTER_SET_CLIENT */;
/*!40101 SET @OLD_CHARACTER_SET_RESULTS=@@CHARACTER_SET_RESULTS */;
/*!40101 SET @OLD_COLLATION_CONNECTION=@@COLLATION_CONNECTION */;
/*!40101 SET NAMES utf8 */;
/*!40103 SET @OLD_TIME_ZONE=@@TIME_ZONE */;
/*!40103 SET TIME_ZONE='+00:00' */;
/*!40014 SET @OLD_UNIQUE_CHECKS=@@UNIQUE_CHECKS, UNIQUE_CHECKS=0 */;
/*!40014 SET @OLD_FOREIGN_KEY_CHECKS=@@FOREIGN_KEY_CHECKS, FOREIGN_KEY_CHECKS=0 */;
/*!40101 SET @OLD_SQL_MODE=@@SQL_MODE, SQL_MODE='NO_AUTO_VALUE_ON_ZERO' */;
/*!40111 SET @OLD_SQL_NOTES=@@SQL_NOTES, SQL_NOTES=0 */;

--
-- Table structure for table `artist`
--

DROP TABLE IF EXISTS `artist`;
/*!40101 SET @saved_cs_client     = @@character_set_client */;
/*!40101 SET character_set_client = utf8 */;
CREATE TABLE `artist` (
  `artist_id` int(11) NOT NULL,
  `name` varchar(50) DEFAULT NULL,
  `year` int(11) DEFAULT NULL,
  `genre_id` int(11) DEFAULT NULL,
  PRIMARY KEY (`artist_id`)
) ENGINE=InnoDB DEFAULT CHARSET=latin1;
/*!40101 SET character_set_client = @saved_cs_client */;

--
-- Dumping data for table `artist`
--

LOCK TABLES `artist` WRITE;
/*!40000 ALTER TABLE `artist` DISABLE KEYS */;
INSERT INTO `artist` VALUES (1,'Van Gogh',1853,2),(2,'Chagall',1887,3),(3,'Monet',1840,1),(4,'Cassatt',1844,1);
/*!40000 ALTER TABLE `artist` ENABLE KEYS */;
UNLOCK TABLES;

--
-- Table structure for table `genre`
--

DROP TABLE IF EXISTS `genre`;
/*!40101 SET @saved_cs_client     = @@character_set_client */;
/*!40101 SET character_set_client = utf8 */;
CREATE TABLE `genre` (
  `genre_id` int(11) NOT NULL,
  `genre_name` varchar(50) DEFAULT NULL,
  PRIMARY KEY (`genre_id`)
) ENGINE=InnoDB DEFAULT CHARSET=latin1;
/*!40101 SET character_set_client = @saved_cs_client */;

--
-- Dumping data for table `genre`
--

LOCK TABLES `genre` WRITE;
/*!40000 ALTER TABLE `genre` DISABLE KEYS */;
INSERT INTO `genre` VALUES (1,'Impressionism'),(2,'Post-Impressionism'),(3,'Cubism');
/*!40000 ALTER TABLE `genre` ENABLE KEYS */;
UNLOCK TABLES;

--
-- Table structure for table `painting`
--

DROP TABLE IF EXISTS `painting`;
/*!40101 SET @saved_cs_client     = @@character_set_client */;
/*!40101 SET character_set_client = utf8 */;
CREATE TABLE `painting` (
  `painting_id` int(11) NOT NULL,
  `title` varchar(100) DEFAULT NULL,
  `year` int(11) DEFAULT NULL,
  `artist_id` int(11) DEFAULT NULL,
  PRIMARY KEY (`painting_id`),
  KEY `artist_id` (`artist_id`),
  CONSTRAINT `painting_ibfk_1` FOREIGN KEY (`artist_id`) REFERENCES `artist` (`artist_id`)
) ENGINE=InnoDB DEFAULT CHARSET=latin1;
/*!40101 SET character_set_client = @saved_cs_client */;

--
-- Dumping data for table `painting`
--

LOCK TABLES `painting` WRITE;
/*!40000 ALTER TABLE `painting` DISABLE KEYS */;
INSERT INTO `painting` VALUES (1,'Starry Night',1889,1),(2,'Bedroom in Arles',1888,1),(3,'Irises',1889,1),(4,'Springtime',1872,3),(5,'Flowers on the riverbank at Argenteuil',1877,3),(6,'Little Girl in a Blue Armchair',1878,4),(7,'The Boating Party',1894,4),(8,'Untitled',-2000,NULL);
/*!40000 ALTER TABLE `painting` ENABLE KEYS */;
UNLOCK TABLES;

--
-- Table structure for table `rating`
--

DROP TABLE IF EXISTS `rating`;
/*!40101 SET @saved_cs_client     = @@character_set_client */;
/*!40101 SET character_set_client = utf8 */;
CREATE TABLE `rating` (
  `user_id` int(11)  NOT NULL,
  `painting_id` int(11)  NOT NULL,
  `rating` double DEFAULT NULL
) ENGINE=InnoDB DEFAULT CHARSET=latin1;
/*!40101 SET character_set_client = @saved_cs_client */;

--
-- Dumping data for table `rating`
--

LOCK TABLES `rating` WRITE;
/*!40000 ALTER TABLE `rating` DISABLE KEYS */;
INSERT INTO `rating` VALUES (1,1,4),(1,2,4),(1,3,3),(1,4,10),(1,5,2),(1,6,3),(1,7,1),(1,8,8),(2,1,8),(2,3,9),(2,4,10),(2,5,4),(2,6,7),(2,7,9),(2,8,8),(3,1,10),(3,2,7),(3,6,6),(3,7,9),(3,8,7),(4,7,8),(4,3,9),(5,1,10),(5,4,8),(6,2,9),(6,3,9),(6,4,9),(6,7,9),(7,1,10),(7,5,2),(7,2,8),(7,4,7),(7,6,9),(7,7,10);
/*!40000 ALTER TABLE `rating` ENABLE KEYS */;
UNLOCK TABLES;

--
-- Table structure for table `user`
--

DROP TABLE IF EXISTS `user`;
/*!40101 SET @saved_cs_client     = @@character_set_client */;
/*!40101 SET character_set_client = utf8 */;
CREATE TABLE `user` (
  `user_id` int(11) NOT NULL AUTO_INCREMENT,
  `name` varchar(50) DEFAULT NULL,
  PRIMARY KEY (`user_id`)
) ENGINE=InnoDB AUTO_INCREMENT=8 DEFAULT CHARSET=latin1;
/*!40101 SET character_set_client = @saved_cs_client */;

--
-- Dumping data for table `user`
--

LOCK TABLES `user` WRITE;
/*!40000 ALTER TABLE `user` DISABLE KEYS */;
INSERT INTO `user` VALUES (1,'John'),(2,'Joe'),(3,'Mary'),(4,'Ellen'),(5,'Simon'),(6,'Tracy'),(7,'Mike');
/*!40000 ALTER TABLE `user` ENABLE KEYS */;
UNLOCK TABLES;
/*!40103 SET TIME_ZONE=@OLD_TIME_ZONE */;

/*!40101 SET SQL_MODE=@OLD_SQL_MODE */;
/*!40014 SET FOREIGN_KEY_CHECKS=@OLD_FOREIGN_KEY_CHECKS */;
/*!40014 SET UNIQUE_CHECKS=@OLD_UNIQUE_CHECKS */;
/*!40101 SET CHARACTER_SET_CLIENT=@OLD_CHARACTER_SET_CLIENT */;
/*!40101 SET CHARACTER_SET_RESULTS=@OLD_CHARACTER_SET_RESULTS */;
/*!40101 SET COLLATION_CONNECTION=@OLD_COLLATION_CONNECTION */;
/*!40111 SET SQL_NOTES=@OLD_SQL_NOTES */;

-- Dump completed on 2018-06-12 16:36:38