producer_id,vn_id
4,2
5,2
10,2
364,2
1037,2
1039,2
34,3
297,3
298,3
299,3
300,3
13,4
301,4
302,4
303,4
430,4
1441,4
1629,4
174,5
175,5
541,5
1584,5
1607,5
179,6
180,6
339,7
340,7
341,7
176,8
177,8
182,9
183,9
22,10
23,10
24,10
167,10
168,10
264,10
540,10
349,11
350,11
351,11
352,11
353,11
428,11
192,12
193,12
1476,12
194,13
195,13
626,13
200,14
202,14
1378,14
203,15
204,15
205,15
206,15
207,15
267,15
209,16
12,17
196,17
198,17
280,17
281,17
284,17
296,17
328,17
329,17
626,17
1652,17
211,18
214,18
266,18
317,18
213,19
216,19
218,19
219,19
221,19
223,19
224,19
277,19
278,19
214,20
220,20
225,20
525,20
227,21
228,21
229,22
230,22
231,22
232,23
233,23
235,23
248,23
238,24
538,24
539,24
1435,24
1436,24
239,25
241,25
242,26
243,26
312,27
52,28
54,28
361,28
362,28
1555,28
57,29
184,29
185,29
1084,29
60,30
61,30
375,30
64,31
65,31
62,32
63,32
93,32
66,33
270,33
271,33
272,33
273,33
274,33
275,33
276,33
429,33
70,34
71,34
72,34
73,34
951,34
74,35
75,35
95,35
290,35
291,35
292,35
293,35
318,35
87,36
88,36
285,36
286,36
287,36
288,36
289,36
365,36
79,37
80,37
81,38
82,38
320,38
321,38
322,38
399,38
762,38
83,39
84,39
85,40
86,40
89,41
90,41
1335,41
91,42
92,42
94,43
112,43
356,44
357,44
106,45
186,45
188,45
189,45
315,45
316,45
114,46
340,47
346,47
348,47
118,48
119,48
120,48
340,49
342,49
344,49
345,49
354,50
355,50
131,51
132,51
133,51
268,51
269,51
134,52
135,52
1651,52
136,53
137,53
138,54
311,54
140,55
141,55
1336,55
142,56
143,56
144,57
383,57
1583,57
145,58
146,58
147,59
148,59
149,60
150,60
151,61
152,61
153,62
155,63
156,64
157,64
158,64
159,65
160,65
252,66
437,66
253,67
254,67
255,67
256,67
257,67
319,67
658,67
1616,67
1679,67
257,68
258,68
260,68
261,68
265,68
1679,68
263,69
264,70
540,70
164,71
395,71
165,72
166,72
294,73
295,73
243,74
304,74
305,74
307,74
325,75
327,75
306,76
309,77
330,78
331,78
332,78
333,78
335,78
336,78
337,78
367,79
368,79
369,79
1656,79
370,80
371,80
372,80
373,80
374,80
379,82
380,82
381,82
657,82
382,83
384,84
385,85
386,85
532,85
387,86
388,87
389,88
599,88
390,89
392,89
393,89
394,89
397,91
398,91
2,92
6,92
7,92
8,93
9,93
11,93
14,94
15,94
16,94
17,94
18,95
19,95
20,95
21,96
1628,96
25,97
481,97
26,98
27,98
28,98
659,98
29,99
30,99
31,99
38,99
39,99
755,99
780,99
783,99
784,99
32,100
33,100
35,101
36,101
37,102
40,103
41,103
42,104
43,105
45,106
46,106
47,106
50,108
51,108
53,109
55,109
56,110
58,110
59,111
67,111
68,112
69,112
76,113
1673,113
78,114
96,114
97,115
98,115
99,116
100,116
101,117
102,117
103,118
104,118
105,119
107,119
108,120
109,120
124,121
125,121
110,122
111,122
115,123
116,123
117,124
122,125
123,125
126,126
129,127
130,128
139,128
161,129
162,129
163,130
169,130
171,131
172,132
173,132
178,133
181,133
187,134
190,134
191,135
197,135
199,136
201,136
208,137
210,137
212,138
215,138
217,139
222,139
226,140
234,140
236,141
237,141
244,142
245,142
246,143
247,143
249,144
250,144
259,145
262,145
283,146
308,147
313,147
314,148
323,148
324,149
343,149
347,150
359,151
400,152
401,152
402,153
403,153
405,154
406,155
407,155
408,156
409,156
410,157
411,157
412,158
413,158
1219,158
414,159
415,159
417,160
418,161
419,162
420,163
421,164
422,164
423,164
424,165
425,165
1268,165
1269,165
1270,165
1272,165
1275,165
1364,165
426,166
537,166
431,167
432,167
436,169
438,172
440,172
1134,172
1337,172
1343,172
1344,172
1345,172
1346,172
1334,173
442,174
443,174
444,174
445,175
446,175
751,175
448,176
449,176
450,176
451,177
453,177
454,177
455,178
457,179
458,179
573,179
460,180
461,181
462,182
463,182
1684,182
464,183
465,184
467,185
468,186
469,186
470,187
471,187
472,188
476,188
474,189
477,190
542,190
543,190
478,191
479,192
1515,192
1516,192
1517,192
483,193
484,193
485,193
487,194
488,194
489,194
490,194
491,194
492,195
493,195
494,195
1112,195
495,196
496,196
497,196
499,197
1195,197
1196,197
500,198
501,198
502,198
503,199
504,199
505,199
506,200
507,200
508,200
509,200
510,200
511,201
512,202
513,202
514,203
515,204
516,204
517,204
518,204
520,206
1673,206
522,207
523,207
546,208
524,209
526,209
527,210
528,211
529,211
530,211
531,211
170,212
533,213
534,214
535,215
536,215
547,216
549,217
550,217
552,219
553,219
554,219
555,220
557,221
558,221
559,221
560,221
561,221
562,221
563,221
564,221
565,221
566,221
567,222
568,222
570,223
571,224
572,224
574,225
576,226
577,226
578,227
579,227
580,228
581,228
582,228
583,228
584,228
585,228
586,228
588,229
589,229
590,230
591,230
594,231
595,231
603,231
597,232
609,232
610,232
601,234
602,235
604,235
605,236
606,236
611,237
608,238
1587,238
1588,238
1589,238
612,239
613,239
614,240
615,240
616,240
617,241
618,241
619,242
620,242
621,243
622,244
623,244
624,245
625,245
627,246
628,246
626,247
626,248
630,248
631,248
633,249
634,250
635,251
636,252
637,253
638,254
639,254
640,254
642,254
641,255
645,256
646,256
647,256
644,257
647,257
648,258
649,259
650,260
651,260
652,261
653,262
654,262
240,263
241,263
660,264
661,264
662,264
663,264
664,264
666,264
674,264
676,264
689,264
693,264
694,264
699,264
906,264
668,265
670,266
671,266
672,266
673,266
675,266
690,266
677,267
678,268
1406,269
1407,270
687,271
686,272
679,273
680,273
681,273
682,273
683,273
684,273
685,273
691,273
1405,273
692,274
695,274
696,274
697,276
698,276
700,277
701,277
702,278
703,278
1056,278
1188,278
705,279
706,279
704,280
707,280
710,281
712,281
711,282
713,283
714,283
716,285
717,286
718,286
719,287
720,287
721,288
723,289
724,289
725,290
726,290
727,291
728,291
729,292
730,293
731,294
732,295
733,295
734,295
735,296
737,297
738,298
739,298
740,299
742,300
743,300
741,301
744,302
746,303
747,304
748,304
749,305
750,305
752,306
753,306
757,306
1121,306
754,307
756,308
1030,309
1031,309
1122,309
1123,309
1124,309
760,310
763,311
764,311
765,311
767,312
768,313
769,314
770,314
771,315
772,316
773,316
774,317
775,317
776,318
777,318
778,318
779,318
782,319
785,320
781,321
786,322
787,323
788,323
789,324
790,324
791,324
792,325
793,326
794,327
795,328
796,328
797,329
798,330
799,331
800,332
801,333
802,334
803,335
804,336
805,336
806,336
807,336
808,337
809,337
810,337
811,338
812,339
813,340
814,340
815,341
816,342
817,343
818,344
819,345
820,346
821,347
822,347
823,348
824,349
825,350
826,351
827,352
828,353
829,354
830,355
831,356
832,357
834,359
835,360
836,360
837,361
838,362
839,362
840,363
841,363
842,364
845,365
844,366
845,366
846,367
847,367
851,368
852,368
849,369
850,369
853,370
854,371
855,372
887,372
856,373
1173,373
857,374
1173,374
1173,375
859,376
1173,376
1173,377
862,379
863,380
864,381
865,382
886,382
867,383
913,383
914,383
1173,383
868,384
870,384
869,385
888,385
871,386
872,387
873,388
544,389
874,390
875,391
876,392
877,392
878,393
879,394
880,395
881,396
378,397
882,397
883,397
884,398
885,399
922,400
377,401
890,402
894,405
895,405
896,406
897,406
898,407
899,407
900,407
901,408
903,409
907,410
908,411
909,412
910,413
911,414
915,417
916,418
917,419
918,420
920,421
919,422
921,423
923,424
924,425
925,426
926,426
927,427
928,427
929,428
930,428
931,429
932,430
933,431
934,431
938,431
935,432
936,432
937,432
939,433
940,433
941,433
942,434
943,434
944,434
945,434
946,435
947,436
950,438
952,439
960,439
955,440
956,440
957,440
958,440
959,441
966,442
961,443
962,443
963,444
964,445
965,446
967,446
971,448
973,449
974,450
975,451
976,451
1634,451
1635,451
977,452
978,452
979,453
980,453
981,454
983,455
982,456
985,457
984,458
986,459
987,459
988,460
989,460
990,461
991,462
997,463
992,464
993,464
994,464
995,465
996,466
998,467
999,467
1000,468
1001,469
1003,470
1004,471
1005,472
1006,473
1007,474
1008,474
1009,475
1011,477
1012,477
1013,478
1014,478
1015,478
1016,478
1017,479
1018,480
1019,481
1020,482
1021,483
1022,484
1023,485
1024,486
1025,487
1026,488
1028,488
1027,489
1028,489
1029,490
1125,491
1033,492
1034,492
1035,492
1036,493
1040,494
1144,494
1041,495
1042,496
1043,497
1044,498
1045,498
1046,498
1047,498
1048,499
1049,499
1050,500
1051,501
1052,502
1053,503
1054,504
1055,505
1056,506
1057,506
1058,507
1059,507
1060,508
1062,509
1063,509
1064,509
1065,510
1066,511
1067,512
1068,513
1069,513
1070,514
1071,515
1519,515
1520,515
1072,516
1073,517
1074,518
1075,519
1077,519
1078,519
1079,519
1080,520
1081,521
1082,522
1083,523
1085,524
1086,525
1087,526
1088,527
1089,528
1090,529
1091,529
1092,530
1093,531
1094,531
1095,531
1096,531
1097,532
1098,532
1099,533
1101,535
1102,535
1103,536
1104,537
1105,537
1106,538
1107,538
1108,539
1109,539
1110,540
1111,540
1113,541
1114,541
1115,542
1116,542
1117,543
1118,543
1119,544
1120,544
1126,545
1127,546
1128,546
1129,546
1130,547
1131,547
1132,548
1133,548
1135,549
1136,549
1137,550
1138,550
1139,550
1140,551
1141,551
1142,551
1143,552
1145,553
1146,554
1148,556
1149,556
1150,556
1151,556
1152,556
1153,556
1154,557
1155,557
1156,558
1157,559
1158,560
1160,562
1161,563
1162,564
1163,565
1164,565
1165,566
1166,566
1167,567
1168,568
1193,568
1169,569
1170,570
1174,572
1176,572
1177,572
1178,573
1179,574
1181,575
1182,575
1183,575
1184,576
1185,577
1186,578
1187,579
1056,580
1188,580
1189,580
1190,580
1191,581
1192,581
1194,582
499,583
1197,583
1198,584
1199,585
1200,586
1201,587
1202,588
1203,589
1204,589
1206,590
1207,591
292,592
459,592
1208,593
1209,594
1210,595
1211,596
1212,597
1213,598
1214,599
1215,600
1216,601
1217,602
1218,602
1219,603
1220,603
1221,603
1223,604
439,605
1224,606
1225,607
1226,607
1227,608
1228,609
1229,610
1230,611
1231,612
1232,612
1233,613
1234,614
1235,614
1236,614
1237,614
1238,615
1240,617
1241,617
1243,617
1244,618
1245,618
1246,618
1252,618
1247,619
1248,619
1249,620
1250,620
1252,620
1251,621
1252,621
1254,622
1255,623
1256,624
1257,625
1258,626
1259,627
1261,629
1262,629
1263,630
1264,631
1265,632
1266,633
1267,634
1273,635
1274,635
1276,636
1277,637
1279,638
1280,639
1281,639
1282,640
1283,641
1284,642
1285,642
1286,643
1287,644
1288,645
1289,645
1290,646
1291,646
1730,646
1292,647
1293,648
1294,649
1295,650
1296,650
1297,651
1298,651
1299,652
1302,655
1303,656
1304,657
1306,659
1309,661
1310,661
1311,661
1312,662
1314,663
1315,664
1316,664
1317,665
1563,666
1564,666
1319,668
1320,669
1321,670
1322,670
1323,670
1324,671
1325,671
1326,672
1327,673
1328,674
1329,674
1330,675
1331,676
1332,676
1333,677
1338,678
1340,679
1341,680
1342,680
1352,682
1355,682
1357,682
1358,682
1353,683
1354,683
1359,683
1360,683
1363,684
1366,685
1367,685
1368,686
1369,686
1371,688
1372,689
1373,690
1374,691
1375,692
1376,693
1377,694
1379,695
1381,696
1382,697
1383,697
1384,698
1385,699
1386,700
1387,700
1388,701
1508,701
1389,702
1397,703
1391,704
1392,705
1393,706
1394,707
1396,709
1398,710
1399,710
1400,711
1401,711
1402,711
1403,711
1404,712
1409,714
1411,715
1412,715
1413,715
1414,716
1415,716
1417,716
1418,717
1420,718
1421,718
1422,718
1423,719
1424,719
1429,721
1430,721
1433,723
1434,723
1439,725
1440,725
1445,727
1446,727
1447,727
1448,728
1449,728
1461,729
1462,730
1463,731
1464,731
1465,731
1467,732
1477,734
1478,734
1479,735
1480,735
1481,736
1482,736
1485,737
1483,738
1484,738
1489,739
1490,739
1487,740
1488,740
1491,741
1496,743
1497,743
1498,744
1499,744
1500,745
1501,745
1502,745
1503,746
1504,746
1505,747
1506,748
1507,749
1509,750
1510,750
1511,750
1512,750
1513,751
1557,752
1523,754
1525,755
1526,755
1527,755
1528,756
1529,756
1530,756
1531,757
1532,757
1533,758
1534,758
1535,759
1536,759
1537,759
1538,760
1539,760
1540,761
1541,761
1542,762
1543,762
1545,764
1655,764
1546,765
1547,766
1548,767
1618,767
1549,768
1550,769
1551,769
1552,770
1553,770
1554,771
1560,773
1561,775
1562,776
1514,777
1565,778
1619,778
1566,779
1567,780
1663,780
1568,781
1569,781
1570,781
1571,782
1572,783
1573,784
1574,785
1575,786
1577,788
1578,789
1579,790
1580,791
1581,791
1585,792
1586,793
1590,794
1591,794
1592,794
1593,795
1599,799
1600,799
1601,799
1602,800
1603,801
1604,802
1608,803
1609,804
1610,805
1612,806
1613,806
1614,807
1615,808
1617,809
1620,810
1621,811
1625,813
1627,814
1630,815
1631,815
1632,816
1633,817
1636,818
1637,818
1639,819
1643,821
1645,823
1647,825
1648,826
1649,827
1650,828
1654,830
1657,831
1658,832
1659,833
1660,834
1661,834
1662,835
1664,836
1624,837
1665,838
1666,839
1667,840
1668,840
1669,841
1670,841
1671,842
1672,843
1673,843
1674,844
1675,845
1676,846
1677,846
1678,846
1680,847
1681,847
1685,850
1686,850
1687,850
1689,851
1690,852
1691,853
1692,854
1693,855
1694,856
1695,857
1696,857
1697,858
1698,858
1699,859
1700,860
1702,860
1703,860
1704,861
1705,861
1706,861
1707,862
1708,862
1709,862
1710,863
1711,864
1712,865
1713,866
1714,867
1715,868
1719,869
1716,870
1718,871
1720,873
1722,874
1723,874
1724,875
1727,876
1728,877
1729,877
1734,877
1731,878
1732,878
1733,879
1735,880
1736,881
1738,882
1739,883
1740,884
1741,885
1742,886
1743,887
420,888
1745,888
1172,908
1688,1011
44,1099
1022,1142
1056,1274
1188,1274
420,1414
420,1427
1285,1716
1285,1717
420,1798
420,1826
420,1827
420,1828
420,1829
404,1972
947,2125
936,2258
937,2258
1342,2532
1556,2605
645,2743
391,3232
310,3847
414,8680
415,8680
868,9837
870,9837
943,12519
1555,12525
326,12951
327,12951
334,14039
902,14039
639,17245
643,17245
1521,17909
3642,177
3620,177
3640,177
4665,177
3635,177
3641,177
5578,177
7547,177
2112,1084
8041,1084
2121,1092
2127,1096
2128,1096
5767,1279
2523,1279
5768,1279
2522,1279
2393,1279
2394,1279
2566,1320
2666,1361
9578,1361
9577,1361
2796,1436
2797,1436
2795,1436
9107,1436
9106,1436
9738,1587
3122,1587
3954,2018
3953,2018
4022,2054
4239,2165
4349,2223
4348,2223
4484,2292
4483,2292
4578,2345
4840,2482
5158,2625
5488,2805
5887,2985
6462,3307
7167,3741
7166,3741
7864,3842
7337,3842
7865,3842
7801,4014
7884,4055
7885,4055
8260,4281
8271,4289
9304,4904
9305,4904
9449,4981
10235,4981
9625,5058
9626,5058
10130,5294
10519,5459
7687,278
2059,1050
2078,1063
3005,1519
5615,1519
3059,1553
3057,1553
3633,1878
5156,2113
4132,2113
4133,2113
4475,2285
4499,2301
4722,2422
4723,2422
4726,2424
8517,2424
4725,2424
5432,2772
5620,2863
5619,2863
6601,3387
6886,3554
6885,3554
6895,3559
7334,3840
7333,3840
8111,4194
8556,4440
8557,4440
8964,4689
9041,4736
9246,4866
9245,4866
9604,5047
9944,5214
9945,5214
9960,5221
9970,5226
10118,5288
10225,5341
10522,5462
1792,571
2517,581
2091,1071
2147,1115
2212,1115
2485,1115
2308,1220
2544,1310
2545,1310
2546,1310
3153,1419
3155,1419
3154,1419
2785,1430
2909,1490
2910,1490
2911,1490
3563,1843
4281,1843
9905,1843
3564,1843
4280,1843
3925,2000
3928,2000
3973,2026
4056,2026
3972,2026
3979,2026
4131,2112
4130,2112
4202,2142
4201,2142
4296,2190
4380,2238
4503,2304
8471,2603
5097,2603
5096,2603
5098,2603
5101,2603
5106,2603
5376,2738
5375,2738
5545,2834
6228,3176
6379,3265
6378,3265
7004,3445
6711,3445
6712,3445
6732,3462
6917,3573
6995,3635
6996,3635
7266,3795
7267,3795
7369,3859
7803,4015
8009,4122
8010,4122
8074,4166
8084,4175
8687,4518
9640,5064
9732,5108
9773,5130
9771,5130
9772,5130
9940,5213
9943,5213
9942,5213
9941,5213
10057,5259
10108,5284
10278,5363
10558,5363
4141,957
2041,1039
2042,1039
2047,1039
2048,1039
10366,1039
2201,1155
2884,1155
2885,1155
6346,1155
8836,1155
2627,1345
3301,1683
3302,1683
5314,1767
3468,1767
3767,1939
3768,1939
4423,2253
4445,2267
4446,2267
4544,2322
9962,2322
4803,2461
5782,2773
5783,2773
5781,2773
5484,2801
5860,3101
6292,3211
6303,3221
6310,3227
6454,3302
6478,3316
6741,3470
6865,3544
7146,3726
7153,3731
7465,3899
7809,4020
7810,4020
7811,4020
7968,4091
7967,4091
8635,4483
8673,4510
8853,4618
8959,4685
9212,4842
10045,5252
10155,5307
10410,5421
10472,5436
2455,176
10302,176
10303,176
10236,176
3447,394
2529,572
1897,764
4177,764
1793,897
3445,897
3444,897
1905,952
1906,952
1907,952
1908,952
2005,952
2582,952
2589,952
2597,952
2581,952
2595,952
2585,952
2588,952
2593,952
2596,952
2583,952
2586,952
2587,952
2592,952
2675,1367
9741,1367
2949,1493
4327,1493
2948,1493
3416,1749
3481,1785
3482,1785
3765,1937
3826,1954
3919,1998
3922,1998
3920,1998
3921,1998
4074,2082
9605,2255
4426,2255
5241,2589
5860,3096
6203,3163
6206,3163
6515,3334
9189,3334
6513,3334
6514,3334
6788,3498
6787,3498
6966,3616
7168,3742
7306,3822
7391,3873
7533,3934
9987,3973
9307,3973
8614,4471
8616,4471
8615,4471
8613,4471
8649,4491
8655,4497
8729,4546
8779,4582
8900,4642
8901,4642
8909,4647
9044,4737
9137,4789
9136,4789
9149,4796
9309,4907
9736,5111
9737,5111
9934,5209
10182,5318
7601,5869
7604,5869
7602,5869
7603,5869
2148,1116
2458,1116
9144,1116
2188,1148
2258,1195
2306,1218
2304,1218
3193,1626
3574,1849
3575,1849
4096,2096
4099,2096
4098,2096
4097,2096
4205,2145
4395,2241
4396,2241
4571,2339
4882,2501
4883,2501
4880,2501
4881,2501
4892,2501
7686,2534
4952,2534
4960,2534
5183,2639
5189,2639
10498,2639
5191,2639
5340,2639
5205,2649
5595,2852
5594,2852
5599,2854
5598,2854
6032,3063
6033,3063
6085,3095
6155,3134
6685,3426
6790,3500
6864,3543
6863,3543
6869,3547
6870,3547
7115,3707
7184,3751
7181,3751
7182,3751
7887,3844
7338,3844
7886,3844
7834,4034
8087,4177
8237,4268
8253,4278
8254,4278
8705,4535
9026,4726
9337,4924
9496,5006
9495,5006
9715,5099
9716,5099
9952,5217
9951,5217
9954,5217
10150,5304
10151,5304
10228,5343
10229,5343
2641,487
9447,487
5110,507
1799,905
2118,1090
2119,1090
2180,1140
3050,1140
3496,1140
2275,1202
2274,1202
2276,1202
2315,1226
2360,1262
9566,1262
2668,1362
2883,1403
2739,1403
2740,1403
2863,1472
2864,1472
2865,1472
2970,1503
2969,1503
9564,1780
9181,1780
4038,2064
4271,2176
4580,2347
4672,2395
9079,2395
4677,2398
5767,2398
9797,2585
10534,2585
5074,2593
5073,2593
5347,2720
5346,2720
5550,2836
6989,2836
5616,2861
5654,2878
5655,2878
5987,3042
6188,3151
6208,3166
6319,3231
6791,3501
6792,3501
6847,3531
6848,3531
7039,3663
7469,3903
7592,3948
7742,3986
8080,4171
8265,4286
8946,4675
9228,4856
9229,4856
9230,4857
9231,4857
9395,4963
9922,5200
2679,202
2811,202
3029,202
3726,211
8025,286
6314,696
9429,696
6157,696
7514,696
1967,991
1968,991
2014,1023
2015,1023
10463,1023
2405,1023
9549,1023
10464,1023
2406,1023
7548,1023
2053,1046
9557,1046
2109,1081
2704,1384
2703,1384
10236,1384
2727,1394
2728,1394
2729,1394
2724,1394
2725,1394
10268,1576
3106,1576
3212,1638
3766,1938
3995,2038
4008,2047
5643,2047
4671,2394
5290,2697
9988,2697
9989,2789
5464,2789
6008,3052
6009,3052
6154,3132
6577,3369
6804,3504
6940,3595
7124,3712
7283,3809
9152,4798
9209,4839
9537,5024
9536,5024
9927,5202
9926,5202
10142,5299
1840,29
8949,516
8436,788
3054,800
3229,800
6980,1003
6243,1003
2762,1395
2731,1395
3692,1471
3691,1471
3074,1562
10029,1562
3243,1657
3244,1657
3403,1743
3929,1743
3404,1744
3456,1761
3455,1761
3457,1761
3757,1929
3853,1964
3854,1964
3852,1964
4231,2160
4232,2160
4332,2212
4333,2212
4337,2215
4451,2268
4450,2268
5056,2584
5068,2591
5802,2947
5798,2947
5814,2947
5817,2947
5807,2947
5820,2953
6123,3118
6124,3118
6343,3242
6344,3242
6661,3418
6901,3562
6987,3628
7268,3796
7346,3850
7488,3850
7749,3991
7895,4059
8247,4274
8246,4274
8249,4276
8336,4322
10002,4460
8597,4460
10001,4460
8757,4565
9010,4717
9096,4772
9156,4802
9277,4887
9278,4887
9387,4958
9388,4958
9465,4989
9464,4989
9565,5033
9779,5133
9780,5133
9947,5215
9948,5215
10564,5487
2687,9853
4162,10825
3915,87
3964,87
3916,87
10349,426
2183,1143
3395,1143
5408,1143
10419,1178
2232,1178
9360,1178
9986,1178
2387,1277
2616,1338
2697,1380
10426,1380
4627,2369
10204,2369
4801,2459
5361,2729
5434,2774
5433,2774
5435,2774
6117,3116
6191,3154
6907,3565
6906,3565
7123,3711
7585,3941
7671,3941
7825,4026
7881,4054
7882,4054
8121,4200
8504,4410
8691,4522
8996,4710
9008,4715
9490,5003
9508,5012
9507,5012
9849,5171
9879,5171
9913,5196
10093,5276
10159,5309
10158,5309
10219,5335
10587,5503
8918,11733
2134,1102
4978,1102
2722,1392
4080,1392
7564,1405
2741,1405
3965,1405
3966,1405
9576,1420
6118,1420
2761,1420
9575,1420
2805,1440
2967,1502
2968,1502
3021,1534
9321,1534
3107,1577
10268,1577
4916,2517
4922,2517
5392,2748
5695,2892
5696,2892
6095,3110
6094,3110
6128,3120
6127,3120
7303,3821
7709,3982
7912,4067
7911,4067
7914,4067
7913,4067
8057,4154
8116,4197
8573,4446
8872,4625
9313,4911
9314,4911
9409,4974
9840,5165
10435,5429
10436,5429
10565,5488
10566,5488
4372,8670
2961,51
5300,51
6979,51
5299,51
7537,51
4735,323
2311,513
4694,549
1776,899
1778,899
2137,1105
2359,1261
3417,1750
4121,2106
4120,2106
4633,2373
4966,2538
5215,2653
5216,2653
5217,2653
5412,2692
5648,2875
5649,2875
5703,2895
5702,2895
5900,2999
5901,2999
6219,3171
6220,3171
6297,3216
6444,3298
6946,3599
6945,3599
10266,3684
7065,3684
7766,4001
7764,4001
6257,4029
7994,4115
8225,4262
8371,4339
8642,4490
8753,4561
8781,4583
9033,4730
9111,4779
9109,4779
9227,4855
9505,5011
9506,5011
9758,5113
10358,5386
10357,5386
10359,5386
10360,5386
3294,149
4598,315
5491,315
4597,315
1948,978
1949,978
1950,978
2020,1025
2209,1161
2348,1250
2629,1347
2768,1424
7618,1424
2786,1431
3472,1777
3473,1777
3539,1823
3540,1823
4328,1823
3961,2025
3962,2025
4060,2075
4299,2192
4328,2209
4634,2374
4700,2408
4699,2408
5647,2874
5761,2928
5762,2928
5959,3027
5958,3027
6058,3077
6609,3391
7964,3391
7000,3639
8503,4409
8871,4624
9101,4775
9100,4775
9487,5001
9570,5036
9875,5184
9876,5184
10147,5302
10146,5302
10532,5469
10533,5469
5626,17976
2740,125
2505,193
3217,193
3809,193
2649,243
3806,243
2829,551
8310,869
1779,900
1780,900
1781,900
1861,927
5603,927
2203,1156
2386,1275
2680,1370
2746,1409
3088,1568
3203,1631
3201,1631
3677,1896
4773,1896
4101,2097
4102,2097
4103,2097
9920,2233
4371,2233
4440,2264
4549,2324
4576,2343
4925,2523
4926,2523
4986,2553
5187,2643
5189,2643
10498,2643
5191,2643
5342,2643
5485,2802
5554,2839
5772,2933
6136,3124
6137,3124
6702,3436
7010,3644
7161,3739
7785,4009
8099,4187
8255,4279
9668,4279
9240,4864
9243,4864
9400,4968
10056,5257
10120,5289
10385,5397
2611,204
6046,204
4930,213
2260,989
3139,989
3716,1287
2901,1287
2860,1469
2977,1507
9547,1507
3213,1639
3325,1697
3326,1697
3329,1697
3327,1698
3329,1698
3328,1698
3370,1721
3502,1796
3880,1975
6974,1976
3881,1976
4282,2180
4283,2180
4310,2198
4311,2198
4632,2372
4933,2526
4934,2526
5421,2766
5495,2807
5843,2965
5849,2969
5951,3026
5952,3026
5950,3026
5953,3026
6340,3241
6341,3241
6342,3241
6468,3310
6467,3310
6799,3459
6839,3524
6855,3537
7041,3665
7857,4004
7772,4004
7841,4039
7840,4039
8098,4186
8110,4193
8142,4212
8141,4212
8256,4280
9416,4501
8660,4501
8806,4594
9263,4594
9266,4594
9189,4827
9198,4829
9478,4997
9479,4997
9597,5041
4372,8666
5767,8739
2393,8739
1753,99
4937,99
2412,99
3253,99
3254,99
3255,99
3822,164
5042,700
9581,827
9580,827
1801,906
1802,906
2196,1152
2197,1152
2198,1152
2418,1152
4064,1152
2417,1152
2600,1152
2651,1359
2652,1359
6658,1359
2757,1416
2898,1486
2896,1486
2897,1486
5767,1517
3002,1517
3276,1671
3660,1890
3658,1890
3659,1890
5391,1983
3889,1983
3995,2033
4277,2178
4530,2314
4529,2314
4950,2532
5904,3001
5903,3001
6423,3285
6611,3393
7226,3772
7887,3843
7338,3843
7886,3843
8033,4140
8145,4214
8146,4214
8244,4273
8245,4273
8299,4304
8300,4304
8424,4367
9740,4367
8513,4415
8509,4415
8619,4474
9332,4919
9651,5068
9657,5068
10091,5275
10092,5275
7779,8191
6657,8325
4372,8667
1835,112
4710,112
3963,776
9924,776
2750,1413
2791,1435
2793,1435
2792,1435
9107,1435
9106,1435
2941,1491
3028,1541
9999,1541
3215,1640
3214,1640
3299,1682
3300,1682
4013,2049
4014,2049
4012,2049
4010,2049
4346,2221
4535,2318
4536,2318
4567,2340
4568,2340
4586,2340
4600,2353
9206,2353
5458,2785
5984,3040
6018,3059
6103,3115
6104,3115
6396,3274
6518,3337
6687,3428
6743,3472
6750,3478
6809,3508
6964,3615
6998,3637
7237,3779
7235,3779
7236,3779
8019,4128
8644,4253
8211,4253
8321,4314
8323,4314
8364,4335
8501,4408
8512,4408
8618,4473
8636,4484
9062,4751
9065,4751
9084,4767
9085,4767
9139,4790
9138,4790
9705,5093
9852,5173
9851,5173
10403,5414
1838,117
9426,117
2536,192
2534,192
9547,192
2491,192
2533,192
2532,192
3335,194
3336,194
1806,254
3818,254
2555,254
3817,254
3745,860
1825,918
2043,1040
2063,1040
2075,1060
2836,1060
5125,1060
9925,1060
2126,1095
4402,1095
7574,1234
2323,1234
3278,1432
3149,1604
4696,1604
3235,1650
3304,1684
3303,1684
3559,1840
3650,1886
3681,1900
3708,1912
3711,1912
3709,1912
3712,1912
3763,1935
3834,1959
3959,2023
10054,2023
7628,2023
4176,2132
4175,2132
4352,2226
4887,2505
10427,2505
5343,2717
5471,2794
5819,2952
5814,2952
5978,3036
6012,3054
6096,3079
6385,3268
6473,3313
6835,3521
3260,3666
7429,3889
7586,3942
8091,4181
8485,4395
8952,4680
9206,4837
9346,4929
9403,4970
10585,5501
5849,27999
2133,1101
8252,1101
2138,1106
4867,1106
2207,1160
2210,1163
2358,1260
2374,1270
2449,1270
2375,1270
2376,1270
2377,1270
2378,1270
2373,1270
2448,1270
2506,1303
2531,1303
2507,1303
2606,1332
2953,1495
2952,1495
2964,1499
3076,1564
3164,1611
3323,1696
3324,1696
3345,1706
3344,1706
3629,1877
3637,1877
3632,1877
3630,1877
3631,1877
3634,1877
3636,1877
3683,1902
3684,1902
3751,1923
6481,1923
6480,1923
4353,2227
4920,2519
4917,2519
5244,2667
5249,2667
5620,2667
5390,2747
5388,2747
5389,2747
5769,2932
5770,2932
5827,2958
5828,2958
6148,3129
6149,3129
6859,3541
6900,3561
6918,3574
7031,3658
7032,3659
7033,3659
7905,4064
8040,4144
9054,4196
8113,4196
8316,4311
8426,4368
8425,4368
8641,4489
8650,4492
8652,4494
8651,4494
8728,4545
9086,4768
9417,4977
9493,5005
9494,5005
10181,5317
10590,5506
6657,8326
3741,16508
3742,16508
3743,16508
3744,16508
8100,60
9087,60
2959,60
8101,60
1867,97
4370,97
3895,97
5963,97
6897,97
8648,97
5738,414
6530,414
2781,414
2819,414
2820,414
4936,414
5739,414
8889,414
10281,414
1927,969
1928,969
2076,1061
4447,1089
4449,1089
4448,1089
5724,1322
7715,1322
2568,1322
3725,1322
2738,1402
2740,1402
3056,1552
9361,1637
8498,1847
3571,1847
3678,1897
3994,2032
4040,2066
8311,2066
10083,2189
4295,2189
4668,2393
4669,2393
4826,2476
4849,2486
5833,2647
5200,2647
5377,2739
5378,2739
5753,2922
5845,2966
5844,2966
6076,3089
6081,3093
6082,3093
6207,3165
6492,3324
6493,3324
7020,3650
7022,3650
7017,3650
7018,3650
7019,3650
7021,3650
7140,3720
7669,3720
7262,3793
7285,3811
7684,3978
10126,4021
10125,4021
7812,4021
8290,4300
8291,4300
8375,4342
9140,4791
9145,4793
9204,4835
9205,4836
9327,4914
9369,4947
9402,4966
9398,4966
9405,4972
9569,5035
3803,165
3804,165
6878,988
8502,988
3847,988
2083,1066
2214,1166
2215,1167
6853,1167
6299,1168
2216,1168
2984,1305
2985,1305
8581,1305
8583,1305
2530,1305
2986,1305
8582,1305
2982,1305
2983,1305
2987,1305
2742,1406
4100,1811
5632,1811
5631,1811
10550,1811
3528,1811
5633,1811
7426,1811
3621,1872
4154,2127
4155,2127
4185,2137
4187,2137
4184,2137
4213,2150
4217,2150
4261,2173
4457,2273
4463,2277
4462,2277
4968,2540
5888,2991
8011,2991
8012,2991
6071,3087
6072,3087
6073,3087
6230,3177
6229,3177
6260,3188
6773,3492
6793,3492
6962,3613
7201,3761
7365,3857
7837,4037
7944,4078
8315,4310
8483,4394
8604,4465
8950,4678
9173,4814
9177,4818
9707,5095
9708,5095
9861,5178
9862,5178
10207,5329
10206,5329
10205,5329
10401,5412
10520,5460
10536,5470
10535,5470
7396,2
9039,2
9040,2
5054,2
4842,126
5622,231
2713,231
4191,231
1971,995
3590,995
3589,995
3591,995
2159,1124
2160,1124
2164,1127
7450,1274
2385,1274
3572,1848
3573,1848
3786,1947
9997,1947
4557,2330
7666,2330
9669,2330
5394,2352
4599,2352
5366,2732
5836,2962
5837,2962
5995,3047
6300,3218
6460,3304
6770,3491
7247,3783
7246,3783
7922,4070
10102,4070
8002,4119
8003,4119
8268,4287
8266,4287
8267,4287
8548,4435
8592,4456
8593,4456
8770,4575
9225,4615
9671,5076
9695,5086
9696,5086
9753,5119
9815,5149
9816,5149
9859,5177
9860,5177
10023,5239
10028,5239
10044,5251
10043,5251
10106,5283
1866,20
3721,20
2446,20
3720,20
5577,20
9424,122
7509,257
2135,1068
2879,1478
3241,1654
8421,1654
3239,1654
3469,1768
3470,1768
6250,1822
3560,1841
3561,1841
3699,1910
7695,1910
4072,2080
4289,2185
8549,2185
8566,2185
4481,2291
4701,2409
4702,2409
9891,2409
4877,2499
5639,2870
5796,2946
5797,2946
5801,2946
5814,2946
5816,2946
5807,2946
6024,3062
6027,3062
6264,3191
6347,3244
6636,3405
6836,3520
6919,3575
6929,3584
7291,3814
7292,3814
8537,4429
8630,4480
8631,4480
8724,4516
8725,4516
8917,4655
9153,4799
9401,4969
9420,4969
9560,5030
9559,5030
9613,5049
9711,5097
9809,5146
9810,5146
10201,5328
10203,5328
10202,5328
10284,5365
7458,20205
7459,20205
6007,151
6003,151
6004,151
6005,151
6006,151
3875,154
10238,564
1970,994
4644,994
2064,1054
2065,1054
2290,1207
2349,1251
2474,1293
2472,1293
2841,1444
2807,1444
10300,1625
3192,1625
3491,1790
3513,1802
3514,1802
3888,1982
10052,2021
7632,2021
4041,2067
4265,2175
4264,2175
4267,2175
4268,2175
4263,2175
4266,2175
4344,2220
4345,2220
4559,2332
5087,2600
6142,3126
6259,3187
7035,3661
7036,3661
7335,3841
7336,3841
7423,3886
7424,3886
7584,3940
8106,4191
8107,4191
8543,4433
8544,4433
8601,4462
8916,4653
9714,4653
9006,4713
9624,5057
9627,5059
9628,5059
9637,5062
10291,5369
4900,7546
4904,7546
4905,7546
3100,21361
2920,13
2508,13
2800,13
2960,13
5583,13
5955,13
2409,13
2471,13
9608,129
9611,129
10299,256
7509,256
2255,729
5667,729
5668,729
10218,729
3064,729
7097,729
2152,1122
2156,1122
4871,1122
2267,1192
3383,1415
2756,1415
6465,1415
3210,1636
3237,1652
9998,1664
3266,1664
9742,1664
3284,1858
3661,1858
3770,1941
3890,1984
3891,1984
3950,2016
5225,2016
4628,2016
3949,2016
4250,2168
4397,2242
4398,2242
4437,2262
4613,2360
5175,2633
5174,2633
5818,2949
5804,2949
5814,2949
5803,2949
5808,2949
6363,3256
6925,3580
6948,3580
7174,3745
7314,3828
7597,3952
8060,4157
8532,4424
8608,4468
8607,4468
8683,4515
9132,4787
9133,4787
9166,4808
9306,4905
9555,5029
9556,5029
9667,5074
9720,5102
9814,5150
9819,5150
9820,5150
9813,5150
10471,5434
10469,5434
10573,5493
10572,5493
5585,96
3802,398
6393,398
3801,398
7903,604
9462,604
2096,1074
2097,1074
2372,1074
2152,1121
2155,1121
4870,1121
2190,1149
2956,1497
3047,1546
4119,2105
5262,2678
5293,2699
5453,2782
5884,2988
6386,3247
6374,3263
6375,3263
6698,3433
6699,3433
6697,3433
6700,3433
7212,3767
7375,3865
7986,4108
8529,4422
8664,4503
8684,4514
8892,4634
8897,4639
9037,4734
9241,4865
9244,4865
9348,4931
9414,4976
9415,4976
9515,5016
9516,5016
9543,5025
9542,5025
9826,5155
10528,5467
10543,5473
5860,18970
5179,21359
3100,21359
7856,93
7659,95
7658,95
6102,188
1848,201
2939,201
2938,201
3967,232
5586,232
2734,232
5072,232
7696,384
2871,423
5621,423
2870,423
8159,429
1808,909
1811,912
2107,1079
2353,1255
2769,1425
3503,1797
3504,1797
3649,1885
4075,2083
4076,2083
4830,2477
4831,2477
4832,2477
4833,2477
10173,2477
4827,2477
4829,2477
4828,2477
2152,2497
4876,2497
4980,2547
4981,2547
5077,2596
5078,2596
5080,2596
5079,2596
5172,2631
5848,2968
6067,3084
5860,3099
6195,3157
6257,3185
7509,3185
6604,3389
6603,3389
6680,3423
6681,3423
6789,3499
6811,3510
6831,3518
7057,3680
9768,3808
7282,3808
7341,3846
7607,3956
7606,3956
7878,4052
8054,4151
8092,4182
8226,4263
8284,4297
8282,4297
8283,4297
8281,4297
8324,4315
8326,4315
8325,4315
8596,4459
9476,4996
9477,4996
10308,5375
10383,5395
2121,16703
3031,80
2031,114
2033,114
2553,466
2554,466
2095,1073
7906,1073
2153,1119
5642,1243
2341,1243
8390,1243
2830,1455
3373,1455
3119,1585
3451,1759
5574,1813
5573,1813
3529,1813
3741,1919
3742,1919
3743,1919
3739,1919
3744,1919
9431,1919
3740,1919
3996,2037
4649,2381
4648,2381
4862,2492
5016,2564
5199,2646
5447,2777
5444,2777
5446,2777
5821,2954
5859,2973
5878,2983
5879,2983
5940,3021
6042,3066
6256,3184
6420,3284
6479,3317
6639,3408
6911,3569
6999,3638
7202,3762
7203,3762
7788,4011
8672,4509
8903,4644
9007,4714
9182,4822
10540,4822
10541,4822
9248,4867
9247,4867
9686,5082
9684,5082
9853,5174
9854,5174
10257,5352
10387,5399
10494,5450
10523,5463
4157,10823
4160,10823
4163,10823
2475,148
9123,158
3262,240
3259,240
3261,240
1768,895
1769,895
1770,895
1952,979
1953,979
10241,979
2035,1034
2564,1318
3131,1593
5930,1593
3130,1593
3495,1792
3646,1882
2071,1967
10510,1967
7380,1967
7787,1967
4485,2293
4621,2365
4646,2379
4806,2463
4807,2463
5050,2580
5473,2796
5693,2891
5694,2891
5697,2893
5698,2893
5750,2920
9794,2920
5751,2920
9438,2920
5902,3000
6204,3164
6206,3164
6392,3272
6814,3513
6857,3539
6983,3626
7587,3943
7890,3943
7771,4003
7958,4086
9688,4086
8160,4225
8161,4225
8191,4243
8427,4369
8428,4369
8570,4444
8571,4444
8600,4461
8599,4461
8693,4524
8719,4524
8968,4693
8969,4693
9237,4861
9300,4901
9299,4901
10575,5494
10574,5494
8814,5980
10234,505
7880,646
10317,646
7875,646
2445,646
2539,646
7575,646
7866,646
1795,892
9785,892
3787,892
2140,1108
2326,1237
3118,1584
4177,1617
3175,1617
3694,1908
3746,1920
4136,2115
4290,2186
4636,2375
4637,2375
5260,2676
5891,2995
6856,3538
10129,3538
6893,3558
7567,3558
6892,3558
6894,3558
6904,3564
6905,3564
6916,3572
6993,3633
7073,3688
7074,3688
7270,3798
7504,3918
7505,3918
7590,3946
8001,4118
8151,4218
8488,4398
8553,4438
8706,4536
8772,4577
8773,4577
8960,4686
9365,4944
9723,5103
9724,5103
10099,5280
10487,5445
1757,128
1841,128
9606,128
9610,128
8514,440
5658,440
2514,440
7723,440
3428,636
3429,636
3435,636
3432,636
3433,636
3434,636
3436,636
3427,636
3430,636
3431,636
1865,666
7846,666
2249,666
9919,666
2092,1072
2093,1072
2094,1072
7145,1542
7480,1542
3069,1559
3117,1582
3142,1602
10254,1602
3492,1791
3493,1791
3494,1791
3643,1880
3758,1930
3828,1955
3867,1968
6543,1968
3958,2022
10053,2022
4150,2123
2782,2123
10281,2123
4417,2251
4418,2251
8890,2251
4979,2546
5021,2567
5023,2567
5145,2620
5146,2620
6362,3255
6429,3294
6740,3469
6808,3507
7029,3656
7371,3861
7404,3880
7405,3880
7477,3906
7517,3921
7516,3921
7833,4033
7894,4058
7893,4058
8155,4221
8493,4403
8587,4453
8588,4453
8744,4552
9009,4716
9664,5072
9782,5134
10154,5306
8942,235
3723,235
3906,235
8941,235
5035,417
4149,870
7322,870
4172,870
6899,870
2044,1041
2281,1203
2283,1203
2279,1203
2280,1203
3207,1635
3208,1635
3341,1704
3389,1732
10283,1800
3509,1800
3510,1800
3519,1806
3520,1806
3936,2007
4059,2074
4738,2429
4740,2429
4739,2429
4744,2429
4742,2431
5415,2431
4743,2431
5134,2431
4744,2431
5122,2612
5123,2612
5203,2648
5201,2648
5202,2648
5823,2956
5869,2979
5868,2979
5875,2982
5876,2982
10490,2982
5860,3102
6093,3109
6279,3200
10465,3200
6461,3306
6767,3490
6867,3545
6937,3592
6944,3598
7528,3929
7540,3935
7543,3935
7542,3935
7541,3935
8034,4141
8345,4328
8344,4328
8374,4341
9148,4795
9399,4967
10389,5401
8773,15574
2687,18378
7897,4
3748,4
4784,4
5587,4
8856,4
9435,4
2495,175
2687,175
2493,175
2494,175
5416,175
7398,877
1915,960
2072,1058
2331,1240
2758,1417
7500,1417
3479,1783
4027,2059
4030,2059
2808,2059
4028,2059
4029,2059
4031,2059
4032,2059
4793,2454
5640,2871
10239,2871
5641,2871
6701,3435
6832,3519
7609,3957
7610,3957
7952,4081
8103,4188
8150,4217
8699,4530
9185,4825
9188,4826
9977,4826
9553,5028
9554,5028
9755,5121
10089,5273
10132,5295
7698,65
7660,435
7451,580
7571,803
2139,1107
5196,1107
5213,1107
2144,1112
4357,1112
4358,1112
4359,1112
4360,1112
8000,1189
2248,1189
3187,1623
3205,1633
3382,1726
4717,2326
4552,2326
4551,2326
5189,2636
5180,2636
9163,2636
10498,2636
5191,2636
5312,2704
5314,2704
5313,2704
5494,2790
5520,2814
5511,2814
5512,2814
7798,3002
5906,3002
5905,3002
9550,3069
9914,3069
6047,3069
6474,3314
6475,3314
6507,3331
6509,3331
6508,3331
6511,3333
7051,3333
6512,3333
7050,3333
6589,3379
6590,3379
6660,3417
6961,3612
6972,3620
6973,3620
7047,3671
7258,3791
7259,3791
8069,4161
8304,4162
8306,4162
8305,4162
8639,4487
9467,4991
9584,5037
9598,5042
9730,5107
10263,5356
10289,5368
10518,5458
3951,11491
3100,21362
8008,438
7806,641
2732,1396
2858,1467
2857,1467
7724,1474
10124,1474
9721,1474
2868,1474
2907,1474
3080,1566
7512,1566
7657,1566
7513,1566
3178,1619
3179,1619
3400,1740
5218,1740
3401,1741
3406,1746
5141,1746
3843,1961
3914,1996
4717,2201
4315,2201
4316,2201
4335,2213
4334,2213
4428,2257
4436,2261
4435,2261
4497,2299
4496,2299
5387,2746
5386,2746
5924,3012
5990,3044
6296,3214
6395,3275
6749,3477
7232,3777
7486,3911
7484,3911
7487,3911
7626,3964
7929,4073
7925,4073
8475,4391
8474,4391
8486,4396
8565,4443
8752,4560
8846,4611
9215,4845
9687,5083
10422,5428
2288,801
4062,801
9259,1186
2243,1186
2631,1349
2906,1489
2998,1514
3313,1690
4281,1845
9906,1845
3567,1845
3568,1845
4280,1845
3955,2019
4314,2200
4313,2200
4458,2274
4465,2279
4612,2359
4715,2417
4821,2473
5294,2700
5449,2779
5450,2779
5737,2915
5986,3035
5977,3035
3951,3065
6038,3065
6881,3552
7192,3757
7193,3757
8018,4127
8081,4172
8395,4354
8434,4354
8394,4354
8754,4562
9759,5123
10456,5431
8814,5977
1807,11
1858,11
9791,11
5027,11
6019,11
8109,11
2189,469
2253,469
6774,723
6775,723
6777,723
6778,723
6779,723
6776,723
1933,972
1934,972
2070,1057
8883,1057
2101,1077
2102,1077
2103,1077
2104,1077
2105,1077
2316,1227
2351,1253
2749,1412
3371,1722
3372,1722
3557,1838
3884,1978
4182,2135
4708,2414
4888,2506
10199,2753
7795,2753
5398,2753
5736,2914
6054,3074
6176,3145
6175,3145
6177,3146
6178,3146
6762,3486
7518,3922
7743,3987
8206,4252
8370,4338
8369,4338
8586,4452
8585,4452
8666,4505
8899,4641
8957,4683
9013,4719
9457,4986
9456,4986
9469,4993
9470,4993
9880,5186
9881,5186
10589,5505
2598,949
1981,1004
2195,1151
2521,1151
2340,1242
2644,1357
2645,1357
2646,1357
3864,1441
4140,2119
5206,2650
5207,2650
5336,2715
5487,2804
5617,2862
7461,3098
8551,3098
6087,3098
7001,3640
7211,3766
7286,3812
7287,3812
7805,4017
8112,4195
8162,4226
8984,4703
9053,4745
9072,4760
9279,4888
9280,4888
9770,5118
9752,5118
9769,5118
9828,5156
9829,5156
10032,5247
10163,5311
10162,5311
10193,5325
10196,5325
10273,5360
10404,5415
6571,183
9692,183
6455,183
6898,183
4625,236
8702,236
4544,300
9962,300
6382,498
6876,765
6131,765
2167,1130
4577,1130
2310,1222
2366,1267
2549,1313
2696,1377
5220,1377
5219,1377
5630,1377
2692,1377
2771,1427
2775,1427
5860,1427
2773,1427
3103,1574
3202,1632
3558,1839
3596,1861
3610,1868
3611,1868
3778,1946
3779,1946
3783,1946
3781,1946
3784,1946
3780,1946
3782,1946
4324,2206
5014,2563
5048,2579
5049,2579
5178,2635
10110,2635
5396,2751
5402,2756
5401,2756
5766,2931
6591,3380
7496,3380
6629,3401
6630,3401
6631,3401
6686,3427
6722,3451
7028,3655
7079,3691
7847,4041
7953,4082
7997,4116
7995,4116
8014,4124
9558,4124
8024,4132
8530,4423
8688,4519
8707,4537
9064,4753
9155,4801
9167,4809
9217,4847
9868,5180
9866,5180
9867,5180
9923,5201
9966,5224
9967,5224
9968,5224
9108,5224
10390,5402
10551,5477
10556,5482
10174,9
10175,9
7577,124
4845,160
1899,708
6323,857
3870,857
9539,857
1889,938
1890,938
7690,938
2108,1080
2125,1094
5946,1094
5948,1094
5947,1094
2543,1309
3655,1888
4046,1888
3685,1903
4550,2325
9993,2325
4554,2327
4553,2327
4560,2333
5136,2616
5241,2672
5252,2672
7076,3689
7087,3695
7256,3789
7843,3789
7289,3813
7290,3813
7315,3829
7519,3923
7680,3974
7941,4023
7924,4072
8039,4142
8035,4142
8037,4142
8038,4142
8896,4638
9035,4732
9710,5096
10221,5336
10220,5336
10392,5404
10409,5420
10474,5438
8918,11732
7553,90
4893,90
9661,379
1991,933
1992,933
1993,933
4544,933
9962,933
4732,933
2132,1100
9322,1235
2324,1235
9323,1235
2347,1249
2488,1292
2470,1292
2765,1422
3197,1629
3198,1629
3543,1828
3546,1828
3544,1828
3545,1828
3733,1916
2108,2041
4124,2108
4123,2108
4262,2174
4629,2363
4619,2363
4727,2366
4622,2366
2152,2500
4879,2500
5028,2571
5256,2675
5257,2675
5385,2745
5493,2806
5634,2867
5635,2867
5943,3023
5942,3023
6091,3108
6092,3108
6209,3167
6552,3348
6780,3493
6781,3493
6986,3627
7034,3660
7190,3755
7452,3894
8051,4150
8497,4405
8690,4521
8709,4538
9599,5043
9838,5164
9839,5164
10345,5383
10462,5432
10466,5432
10578,5496
10579,5496
1832,118
7745,118
7215,210
6088,210
4540,667
10170,739
10171,739
2058,1049
2643,1356
7699,1356
3108,1578
10268,1578
3312,1689
3521,1807
3688,1905
3687,1905
3735,1917
3894,1986
3931,2003
4108,2100
5044,2100
10185,2100
10187,2100
4338,2216
4729,2425
4760,2440
4813,2467
5144,2619
5267,2681
5405,2758
5656,2879
5657,2879
5774,2935
5927,3013
5926,3013
6013,3055
6199,3161
6559,3161
6466,3305
7107,3704
7180,3750
7179,3750
7331,3838
8082,4173
8288,4299
8289,4299
8447,4377
8446,4377
8525,4420
8605,4466
10061,4506
8667,4506
9803,5143
9804,5143
9814,5148
9817,5148
9813,5148
9818,5148
10210,5331
10559,5484
10571,5492
10570,5492
1948,10121
1837,133
7493,665
1822,920
3060,1555
4057,2073
4056,2073
4135,2114
9441,2161
4233,2161
4298,2191
9998,2191
4297,2191
4351,2225
4641,2377
4642,2377
9643,2377
5276,2688
5275,2688
5601,2855
5602,2855
5636,2868
5764,2929
5763,2929
5841,2964
5842,2964
7549,2964
6288,3208
6942,3597
6943,3597
7278,3804
7279,3805
8319,4313
8320,4313
8420,4365
8437,4365
8419,4365
8444,4376
8445,4376
8451,4382
8452,4382
8737,4548
8736,4548
8865,4622
8867,4622
9091,4771
9092,4771
9112,4780
9113,4780
9267,4878
9268,4878
9491,5004
9492,5004
9600,5044
9774,5131
9775,5131
10362,5388
10363,5388
10394,5406
10563,5486
10562,5486
10588,5504
1758,893
1759,893
1760,893
1761,893
1762,893
1763,893
1764,893
1765,893
9642,893
1880,932
1881,932
3805,932
6967,941
3845,941
1920,964
3049,1547
3715,1547
3393,1735
3522,1808
3523,1808
3945,2013
4561,2334
4817,2469
5240,2662
5514,2816
5917,3007
6381,3267
6383,3267
6623,3399
6622,3399
6631,3402
6633,3402
6632,3402
6729,3457
6915,3571
6914,3571
6920,3571
7101,3700
7100,3700
8368,4337
8370,4337
9057,4747
9290,4896
9833,5159
10024,5240
10226,5340
10224,5340
10348,5384
10346,5384
10347,5384
1963,113
2261,113
7760,113
1826,120
7561,684
2861,684
6567,866
1886,937
1954,980
1984,1007
6542,1015
3842,1470
6952,1470
3182,1621
6417,1641
3216,1641
3448,1757
4717,1757
3449,1757
3500,1795
3989,1830
3988,1830
3550,1830
3990,1830
3832,1958
3886,1980
4008,2036
4086,2088
4308,2196
5308,2196
4432,2260
4434,2260
4433,2260
4955,2536
4961,2536
7536,2536
5265,2679
5513,2815
8042,3370
6578,3370
6596,3383
7056,3679
7058,3679
7059,3679
7596,3951
8086,4176
8131,4207
8377,4344
8387,4350
8482,4393
8756,4564
8808,4596
8951,4679
9063,4752
9174,4815
9272,4882
9648,5066
9655,5066
9916,5197
9915,5197
10119,5244
10030,5244
4965,858
10176,858
7624,858
4964,858
2049,1042
3983,1290
2466,1290
5194,1290
2465,1290
7473,1290
2837,1460
2836,1460
9925,1460
3471,1776
3626,1875
3625,1875
3727,1913
5120,1921
3749,1921
3840,1960
4309,2197
4684,2197
4407,2246
4406,2246
4501,2302
4834,2478
5247,2670
5831,2960
7679,2960
5846,2967
6056,3075
6144,3127
6143,3127
6485,3127
5220,3182
6251,3182
6255,3182
6414,3281
6751,3479
7038,3662
7037,3662
7227,3773
7545,3936
7544,3936
7867,4048
7868,4048
7869,4048
8194,4246
8481,4246
8195,4246
8378,4345
8671,4508
8804,4592
8905,4645
8904,4645
9004,4699
8975,4699
9147,4794
9397,4965
9726,5104
9725,5104
10127,5292
10157,5308
10156,5308
10318,5379
10549,5379
10413,5424
10415,5424
10577,5495
9746,6884
2839,180
3662,180
3284,180
10380,832
1860,926
7691,926
2077,1062
5153,1062
2294,1211
3732,1211
4986,1329
2578,1329
3039,1329
3230,1647
9885,1647
9884,1647
3396,1737
3397,1737
3542,1826
4853,2124
4152,2124
4151,2124
5160,2626
5886,2990
8526,2990
9669,2990
5907,3003
6416,3282
6550,3351
6551,3351
6682,3424
6683,3424
8062,4159
8079,4167
8075,4167
8250,4277
8251,4277
8492,4402
8734,4547
8917,4654
9078,4764
9694,5085
10133,5296
10365,5389
10364,5389
10553,5479
5055,104
2515,200
6695,295
6696,295
2664,295
2665,295
9573,456
4697,456
9574,456
1791,787
2570,1324
10029,1561
3073,1561
3316,1691
3457,1691
3320,1694
3639,1879
3638,1879
4006,2045
4043,2068
4046,2068
4156,2128
4159,2128
4163,2128
4312,2199
6348,2199
4762,2441
4761,2441
4913,2515
5135,2515
5615,2860
5614,2860
10124,2959
5723,2959
9385,2959
5874,2981
5872,2981
5873,2981
5997,3048
5996,3048
6083,3094
6564,3359
6563,3359
6635,3404
6748,3476
6963,3614
7003,3636
6997,3636
7244,3782
7245,3782
7297,3817
7298,3817
7319,3831
7384,3870
7848,4042
7872,4049
7870,4049
7871,4049
8156,4222
8743,4551
8800,4589
9353,4934
9783,5135
10217,5334
10287,5367
10288,5367
10475,5439
10476,5439
10546,5472
9973,14391
9972,14391
1943,452
5855,452
9593,840
9410,961
1961,986
6768,986
2181,1141
4624,1141
2231,1177
6607,1181
2235,1181
2882,1181
7492,1181
3308,1686
3309,1686
3587,1856
4911,2511
4910,2511
5462,2788
5463,2788
5663,2883
5914,3005
5913,3005
6329,3237
6330,3237
6573,3365
7234,3778
7233,3778
7272,3800
7273,3800
7323,3834
7496,3915
7495,3915
7775,4006
8216,4256
8217,4256
8219,4257
8218,4257
8232,4265
8231,4265
8771,4576
8993,4707
9540,4707
9049,4741
9050,4742
9295,4899
9296,4899
10051,5256
10143,5300
1827,143
3315,1011
2116,1088
2122,1088
2123,1088
3330,1699
3398,1738
3562,1842
4137,2116
4249,2167
4248,2167
4384,2240
4387,2240
4393,2240
4394,2240
4389,2240
4383,2240
4386,2240
4390,2240
4391,2240
4392,2240
4385,2240
4388,2240
4688,2405
4787,2453
4792,2453
4791,2453
5051,2581
5274,2687
5382,2741
5472,2795
5532,2829
6388,3269
6389,3269
6387,3269
6838,3522
9623,3683
7063,3683
7064,3683
7143,3723
7377,3866
7751,3993
7813,4022
7989,4110
8055,4152
8182,4240
8183,4240
8184,4240
8407,4359
8408,4359
8746,4554
9118,4782
9117,4782
9157,4803
9201,4832
9994,4832
9273,4883
9489,5002
9561,5031
9562,5031
9757,5122
10261,5355
10309,5376
10420,5427
10421,5427
10484,5443
1892,12
2660,12
3748,12
8859,12
7538,12
9433,12
3421,574
3420,574
9189,741
5124,741
1988,1010
6676,1010
2236,1182
6470,1223
2312,1223
2808,1445
2980,1509
9549,1509
3555,1836
6030,1934
3762,1934
4229,2159
4230,2159
4253,2170
4254,2170
4255,2170
4441,2265
4442,2265
4645,2378
5716,2901
5713,2901
6079,3091
7942,3091
6080,3092
6266,3193
6565,3360
6566,3360
7781,4008
7783,4008
7782,4008
7836,4036
7926,4074
7933,4074
7934,4074
8233,4266
8237,4266
8508,4414
8700,4531
9051,4743
9256,4873
10114,5287
9407,22
9709,365
3105,1575
10268,1575
3271,1668
3272,1668
3365,1716
3377,1716
3474,1778
3993,2031
4139,2118
4569,2341
4587,2341
4615,2341
7697,2341
4570,2341
4820,2472
5854,2472
5053,2583
5678,2583
5979,3037
5980,3037
6100,3113
9552,3358
6613,3395
7060,3681
7364,3856
7362,3856
7363,3856
7361,3856
7373,3863
7780,3939
7583,3939
8169,4231
8332,4319
8430,4371
8638,4486
8895,4637
9706,5094
9719,5101
9858,5176
9857,5176
9909,5192
10027,5243
10064,5263
10067,5263
10066,5265
10067,5265
10208,5330
10209,5330
2408,17
2427,17
2479,17
2508,17
2798,17
2921,17
2407,17
4500,17
5956,17
9425,17
3409,44
7573,44
7819,44
6539,44
3408,44
9583,403
9582,403
1894,710
1987,710
4520,710
4521,710
9693,710
4519,710
9124,710
3227,710
1877,931
7568,931
6977,990
3863,990
1999,1014
2000,1014
2169,1132
2175,1136
2176,1136
9548,1136
2204,1157
3729,1157
3730,1157
2268,1198
2295,1212
2478,1295
2477,1295
2476,1295
2747,1410
3094,1571
3334,1701
3348,1707
3391,1734
3392,1734
3467,1766
3693,1907
3755,1927
3935,2006
4206,2146
4207,2146
4209,2146
4208,2146
4238,2164
4237,2164
5395,2750
5871,2980
5870,2980
6321,3234
7389,3234
6483,3320
7796,3320
10198,3320
6638,3407
6669,3407
6842,3526
7027,3654
7293,3815
7294,3815
7344,3849
7345,3849
8078,4170
8224,4261
8242,4271
8241,4271
8934,4668
10429,4668
9249,4868
9333,4920
9339,4920
9341,4920
9340,4920
9344,4927
9480,4998
9481,4998
9958,5220
9969,5225
10276,5362
10277,5362
10506,5453
10507,5453
8049,6344
3419,813
4142,950
2693,1378
2694,1378
2888,1378
2994,1512
2995,1512
3424,1512
3892,1985
3893,1985
3924,1999
3923,1999
4138,2117
4243,2166
4244,2166
4246,2166
4241,2166
4245,2166
4242,2166
4247,2166
4372,2234
4470,2281
4573,2342
4572,2342
4927,2524
4928,2524
5030,2572
5727,2909
5728,2909
5758,2925
5809,2950
5811,2950
5880,2986
6075,3088
6074,3088
6572,3364
6651,3414
6650,3414
6694,3432
6693,3432
6951,3603
7229,3775
7230,3775
7265,3794
7263,3794
7280,3806
7342,3848
7501,3917
7502,3917
7927,4071
7928,4071
7930,4071
7932,4071
7929,4071
7923,4071
7931,4071
8020,4129
9461,4129
8095,4183
8093,4183
8135,4209
8134,4209
8487,4397
8598,4397
9846,4412
9170,4412
8606,4467
9060,4749
9172,4813
9199,4830
10038,5249
10049,5249
10090,5274
10222,5337
1800,64
1849,221
1976,275
7880,445
7866,445
1926,970
1932,970
1959,985
1960,985
2145,1113
2150,1113
2245,1113
2246,1113
2229,1175
2673,1365
3464,1764
8782,1821
6246,1821
4493,2297
4818,2471
5134,2471
4858,2490
4859,2490
4861,2491
5566,2844
5651,2876
5650,2876
6675,3421
7025,3652
7525,3926
7644,3968
7879,4053
8273,4291
8930,4664
9142,4664
9143,4664
9359,4940
10244,4940
10249,4940
10062,5262
10148,5303
10149,5303
10477,5440
10486,5444
7562,139
1834,145
4711,145
7151,145
10087,207
10088,207
1803,266
2211,266
3245,266
3247,266
5670,266
9781,266
2821,266
9846,266
3248,266
4996,339
4995,339
1821,919
2110,1082
5856,1082
5043,1179
2233,1179
7714,1179
3077,1341
2621,1341
2733,1397
3067,1557
3143,1603
3145,1603
3147,1603
3148,1603
3588,1857
3934,2005
4259,2172
4260,2172
4680,2401
5355,2725
5356,2725
5542,2832
5718,2904
9586,2904
9587,2904
9588,2904
5731,2911
5806,2948
5814,2948
5815,2948
5799,2948
5838,2963
5839,2963
6098,3112
9015,3112
6841,3525
7768,3999
7767,3999
7828,4028
8012,4123
8013,4123
8070,4163
8170,4232
8769,4574
9184,4824
9187,4824
9208,4838
9214,4844
9474,4995
9475,4995
9869,5181
9870,5181
10428,5398
10434,5398
10386,5398
5302,147
2450,147
2452,147
7799,147
2451,147
5263,147
5264,147
4466,185
1903,948
2131,1099
2914,1099
7109,1099
2604,1099
2205,1158
5779,1173
2226,1173
2227,1173
2426,1173
2600,1173
7546,1173
2345,1247
2736,1400
3070,1438
3095,1438
2803,1439
2804,1439
2814,1448
3422,1448
6052,1448
8518,1873
3622,1873
3796,1949
3799,1949
3800,1949
10480,1949
3797,1949
3798,1949
10481,1949
3878,1974
3879,1974
4018,2052
4019,2052
4153,2126
4155,2126
4611,2358
4686,2404
4687,2404
4685,2404
5448,2778
5692,2890
5690,2890
5691,2890
6244,3009
5938,3019
6179,3147
6618,3396
6640,3409
6903,3563
6902,3563
7040,3664
7761,3997
7978,4101
8269,4288
8270,4288
8843,4609
8844,4609
8917,4656
8919,4656
9224,4853
9253,4870
9660,5070
9659,5070
10098,5279
10113,5279
10115,5279
6657,8327
7304,10992
4164,6
9019,6
1839,101
1829,109
9030,306
2036,1035
3018,1531
3127,1592
3128,1592
3901,1989
3900,1989
4473,2283
4472,2283
4476,2286
4643,2376
4638,2376
4809,2464
4973,2543
4972,2543
5154,2623
5155,2623
5237,2660
5236,2660
5983,3039
6265,3192
6317,3230
6365,3258
6880,3551
7080,3692
7081,3692
7388,3871
7387,3871
7744,3988
7842,4040
7973,4096
8125,4202
8223,4260
8280,4296
8924,4661
8929,4661
9260,4875
9261,4875
9262,4876
9362,4941
9807,5145
9808,5145
10285,5366
10493,5449
4657,12185
4914,483
5788,566
2411,566
1810,911
8472,911
9093,1091
9094,1091
9095,1091
6802,1678
3286,1678
6801,1678
4281,1844
8431,1844
3565,1844
4280,1844
3566,1844
3581,1853
7497,1853
3926,2001
4236,2163
10373,2163
4369,2232
4692,2407
7797,2407
4752,2435
5188,2644
5284,2644
5785,2940
5778,2940
5921,3010
5922,3010
6059,3078
6281,3202
6353,3246
6377,3246
6407,3280
6406,3280
6432,3293
6433,3293
6574,3366
6927,3582
6954,3605
7127,3714
7131,3714
7128,3714
7129,3714
7130,3714
7241,3781
7240,3781
7242,3781
7254,3787
7348,3852
7682,3976
8083,4174
8179,4237
8178,4237
8367,4336
8370,4336
8433,4353
8392,4353
8393,4353
8637,4485
9271,4881
9394,4962
9702,5090
6833,8680
1798,8
2172,362
2301,362
2303,362
2518,453
2519,453
2372,609
1979,1001
6598,1225
2314,1225
2384,1273
2573,1327
2677,1368
2809,1433
2789,1433
3552,1834
3585,1855
3586,1855
3584,1855
5306,1898
3736,1918
9901,1918
4070,2078
4399,2243
9690,2328
4555,2328
4837,2480
4838,2480
2138,2496
4873,2496
4906,2512
4898,2512
5496,2808
5572,2846
5575,2847
7510,2847
7511,2847
5829,2957
5825,2957
5928,3014
6069,3086
6070,3086
6576,3368
7752,3994
7754,3994
8389,3994
9421,3994
7753,3994
7987,4109
8046,4148
8095,4184
8094,4184
8391,4352
8854,4619
8908,4648
9168,4810
9197,4828
9451,4983
10009,4983
9452,4984
9677,5079
10084,5272
10355,5385
10368,5385
10356,5385
10488,5446
4931,214
2253,467
3350,467
1820,917
7693,917
2082,1065
8455,1065
3971,1233
2322,1233
7841,1248
2346,1248
9572,1257
9571,1257
2355,1257
3152,1606
3454,1606
3457,1606
3256,1659
3282,1676
9997,1676
3489,1788
3488,1788
3991,1831
3550,1831
3985,2029
4640,2029
4118,2104
10395,2368
7011,2368
4626,2368
4635,2368
5344,2718
5436,2775
5437,2775
5439,2775
10253,2775
5474,2797
5531,2828
5551,2837
6045,3068
6044,3068
6355,3249
7427,3887
7902,4063
9743,4063
7983,4105
8328,4317
8329,4317
8351,4332
8627,4479
8628,4479
8629,4479
8657,4499
8658,4499
8882,4631
10190,5322
2262,16345
3721,18
5309,18
5297,18
5298,18
3720,18
5310,18
7385,674
3347,728
7653,728
1809,910
2111,1083
2370,1269
7896,1269
10353,1269
10352,1269
4695,1269
2382,1272
2381,1272
9959,1281
2401,1281
4868,1314
2556,1314
4869,1314
2557,1314
3446,1756
3896,1987
3904,1991
3905,1991
4340,2217
4339,2217
4361,2231
4362,2231
4364,2231
4365,2231
4366,2231
4368,2231
4363,2231
4367,2231
4420,2252
4422,2252
7673,2252
4419,2252
4421,2252
5019,2566
5020,2566
5345,2719
5475,2798
5889,2992
5860,3103
6312,3229
6313,3229
6536,3345
6747,3475
6766,3489
6765,3489
6922,3577
7428,3888
8031,4138
8059,4156
8906,4646
8933,4667
8965,4690
9105,4778
9107,4778
9104,4778
9106,4778
9454,4985
9544,5026
9855,5175
9856,5175
10290,5218
9953,5218
10292,5218
10286,5218
10019,5237
10018,5237
10304,5371
3103,5974
10440,26542
10439,26542
10442,26542
10444,26542
10446,26542
10447,26542
10450,26542
10454,26542
10457,26542
10437,26542
10449,26542
10458,26542
10461,26542
10438,26542
10441,26542
10443,26542
10445,26542
10448,26542
10451,26542
10452,26542
10453,26542
10459,26542
10460,26542
1859,925
7689,925
6240,987
2171,1134
7892,1134
9548,1508
2978,1508
2979,1508
7648,1677
3289,1677
3285,1677
7647,1677
3676,1895
9585,1895
3907,1992
3908,1992
3995,2034
5553,2034
4284,2181
4412,2248
4438,2263
4439,2263
4609,2357
4608,2357
4757,2437
4781,2437
4782,2437
8668,2507
4889,2507
4915,2516
4993,2555
4994,2555
8418,2555
4991,2555
4992,2555
5452,2781
5646,2873
6119,3117
6121,3117
6120,3117
6122,3117
6302,3220
6498,3326
9189,3336
6517,3336
7284,3810
7408,3883
8133,3883
7807,4018
7849,4043
7850,4043
9551,4043
8552,4437
8654,4495
8994,4708
9005,4708
9264,4877
9265,4877
9517,5017
9518,5017
9591,5038
8815,19010
6616,675
6614,675
6615,675
1749,890
1750,890
1751,890
1752,890
1856,923
1883,935
1884,935
4063,956
1937,974
1939,974
1940,974
2264,1197
2266,1197
2330,1239
2344,1246
2702,1383
2700,1383
2701,1383
3065,1556
3066,1556
3597,1862
3598,1862
3946,2014
4534,2317
4539,2320
5133,2615
5132,2615
5134,2615
5350,2723
5351,2723
5352,2723
5383,2742
5456,2784
5457,2784
5933,3017
5934,3017
6370,3261
6371,3261
6430,3292
6431,3292
6585,3377
6731,3461
6858,3540
6994,3634
7948,3746
7175,3746
9446,3746
7472,3905
7677,3972
8168,4230
8183,4239
8181,4239
8348,4331
8350,4331
8533,4425
9315,4912
9316,4912
9320,4912
9389,4959
9390,4959
9638,5063
9750,5117
9844,5167
9842,5167
9843,5167
10016,5236
10017,5236
10015,5236
10258,5353
10398,5409
1777,20057
7646,20057
1836,134
7494,664
2788,703
2993,717
2209,1162
2223,1171
7559,1171
2424,1171
2425,1171
2224,1171
2225,1171
2423,1171
2600,1171
6338,1286
4050,1286
7675,1286
6337,1286
2461,1286
7411,1286
2671,1363
3841,1488
3121,1586
3120,1586
3242,1656
8387,1656
3734,1656
3426,1751
3623,1874
8712,1874
3624,1874
3644,1881
3645,1881
3874,1972
4053,2071
5271,2684
5373,2737
5374,2737
5467,2791
5466,2791
5584,2791
5528,2825
6025,3061
6026,3061
6023,3061
6027,3061
6028,3061
6029,3061
5860,3105
6135,3123
6171,3142
6170,3142
6285,3206
6738,3467
6933,3588
7299,3818
7300,3818
7476,3898
7463,3898
7966,4090
8056,4153
8272,4290
8376,4343
8542,4432
8670,4507
8902,4643
9274,4884
7554,21
2021,88
3411,88
10137,88
6048,88
6049,88
10138,88
3111,88
3410,88
7820,88
1790,382
8907,382
8227,382
5329,548
5925,548
5687,548
9955,548
10316,553
2935,855
2932,855
6541,855
7655,855
1997,1013
1998,1013
2050,1043
4574,1131
2464,1289
3980,1289
2640,1355
3423,1443
2972,1504
2971,1504
3013,1526
9886,1526
5665,1526
3132,1594
3168,1613
3231,1648
3232,1648
5600,1648
3234,1651
3236,1651
4051,2070
4048,2070
4052,2070
4047,2070
4049,2070
4127,2110
4325,2207
4474,2284
4651,2383
3835,2475
4976,2545
4977,2545
5335,2714
5468,2792
5580,2848
5582,2848
5581,2848
5773,2934
5935,3018
6282,3203
6472,3312
6637,3406
6646,3412
6874,3549
6333,3549
6872,3549
6873,3549
7627,3549
7622,3556
7623,3556
6889,3556
6888,3556
6912,3570
7067,3686
7157,3735
7231,3776
7397,3875
8572,4445
8877,4628
9200,4831
10112,5286
10344,5382
10544,5474
9645,5481
10555,5481
3337,727
2254,727
7674,727
1904,861
1824,921
2004,1016
2013,1022
2442,1022
2441,1022
2079,1064
3017,1530
3669,1892
3667,1892
3668,1892
3682,1901
3761,1933
3831,1957
4203,2143
6883,2143
4408,2247
4409,2247
4410,2247
4411,2247
4542,2321
4658,2388
4787,2452
4789,2452
4790,2452
4932,2525
4942,2528
4946,2528
4941,2528
4988,2528
4940,2528
4943,2528
4945,2528
4939,2528
4947,2528
5246,2669
5251,2669
9898,2669
6035,3064
6034,3064
10504,3071
10505,3071
10509,3071
6051,3071
10503,3071
10508,3071
6161,3138
6427,3288
6458,3288
6442,3297
6879,3550
6949,3601
6976,3622
6975,3622
7026,3653
7102,3701
7205,3763
7204,3763
7248,3784
7249,3784
7250,3784
7360,3855
7394,3874
7393,3874
7515,3920
7778,3920
8015,4125
8016,4125
8045,4147
8346,4329
8620,4475
8703,4533
8751,4559
9073,4759
9077,4759
9134,4788
9135,4788
9302,4902
9301,4902
9364,4943
9703,5091
9776,5132
9777,5132
9834,5160
10079,5269
10135,5297
10136,5297
7145,18738
7480,18738
5150,24
5973,24
6985,24
7475,24
2605,24
3897,24
9377,24
10013,24
10378,24
1951,70
7145,70
7712,70
7480,70
5109,70
5116,70
9827,70
9594,70
4020,258
9107,731
6138,731
9106,731
6139,731
1863,928
1942,976
1943,976
3273,976
5855,976
2319,1230
2321,1232
2899,1487
3475,1779
3695,1779
3696,1779
3537,1818
5362,2002
3930,2002
7668,2002
4468,2280
4469,2280
5214,2652
5241,2673
5253,2673
5363,2730
5364,2730
5372,2736
5882,2987
5883,2987
6068,3085
6548,3349
6580,3372
6730,3460
6794,3502
7918,3502
6882,3553
7238,3780
7239,3780
8176,4236
8177,4236
8936,4671
8981,4697
8980,4697
8978,4697
8973,4697
8979,4697
8998,4712
9076,4763
9098,4774
9281,4889
9961,5222
10482,5442
10527,5466
4372,8669
5315,66
2940,66
3601,66
6625,66
4189,67
4195,67
8625,67
9352,67
2483,67
4193,67
5417,67
7794,67
8610,67
9351,67
10123,67
10431,67
6833,159
2040,238
9463,238
5661,617
3968,617
7748,617
2113,1085
2185,1145
5593,1145
3163,1188
2247,1188
2489,1297
2840,1297
2686,1374
7442,1456
2848,1463
2849,1463
2846,1463
2847,1463
3233,1649
3714,1649
3713,1649
3249,1658
3760,1932
5944,1932
3943,2012
3942,2012
3944,2012
3997,2039
4091,2091
4110,2102
8517,2102
4111,2102
4566,2349
4585,2349
4718,2419
4759,2439
4847,2484
5115,2608
5157,2624
5234,2659
5232,2659
5233,2659
5235,2659
5877,2984
6291,3210
6519,3338
6521,3338
6520,3338
6522,3338
6523,3338
6812,3511
7043,3669
7401,3878
8043,4145
8153,4219
8174,4235
8340,4325
8404,4357
8796,4527
8696,4527
8797,4527
9164,4806
10381,4982
9450,4982
10430,4982
9978,4982
9652,5069
9658,5069
7806,7434
1944,5
2019,5
7539,5
8124,5
3748,5
2919,5
5127,436
6586,619
10167,719
10166,719
2162,1126
7354,1126
9995,1126
6471,1126
7355,1126
2186,1146
2926,1325
2928,1325
2929,1325
2600,1325
2927,1325
9440,1325
3124,1589
3126,1591
3150,1605
3151,1605
3670,1893
3671,1893
3673,1893
3672,1893
3876,1973
3877,1973
3917,1997
3918,1997
4623,2367
5348,2721
5535,2830
5536,2830
7205,2830
6531,3342
6532,3342
6560,3357
6663,3419
6662,3419
6735,3465
7176,3747
7467,3901
7721,3984
7720,3984
7936,4077
9654,4077
8167,4229
8166,4229
8203,4251
8204,4251
8202,4251
8456,4379
8767,4573
8768,4573
8937,4672
8938,4672
9798,5139
10530,752
10531,752
3846,942
2051,1044
8823,1044
2286,1205
2292,1209
3732,1209
2577,1328
2689,1376
2698,1381
2889,1381
3697,1458
3055,1551
3385,1728
3440,1754
3439,1754
7638,1781
3477,1781
4034,2060
4033,2060
2808,2060
4061,2076
4531,2315
4532,2315
4650,2382
5118,2610
5119,2610
5128,2613
5126,2613
10086,2613
7474,2613
5273,2686
2649,2703
5399,2754
5652,2877
5653,2877
6133,3122
6134,3122
6306,3224
6307,3224
6763,3487
6806,3506
6807,3506
6939,3594
7068,3687
7069,3687
7072,3687
7071,3687
7070,3687
7379,3868
7453,3895
7454,3895
7762,3998
7763,3998
7957,4085
7959,4088
7960,4088
8029,4136
8127,4204
8128,4204
8171,4233
8656,4498
8701,4532
9011,4718
9289,4895
9350,4933
9764,5127
4669,24877
1951,10
2002,10
7145,10
7480,10
4783,10
10245,10
9594,10
2962,27
7656,27
1805,28
7725,28
4190,28
2817,28
2818,28
5968,105
5555,105
4541,172
2439,515
2548,515
10238,515
2437,515
2438,515
4854,697
1794,891
1782,901
1783,901
1969,992
2436,1180
2234,1180
2435,1180
2691,1708
6855,1708
2690,1708
3849,1962
3850,1962
3848,1962
4105,2098
4106,2098
4104,2098
5699,2894
5701,2894
5700,2894
5853,2971
6771,2971
5852,2971
5854,2971
6772,2971
6269,3195
6271,3195
6272,3195
6270,3195
6273,3195
6274,3195
6354,3248
6549,3350
6583,3375
6707,3447
6713,3447
7005,3447
7009,3447
7045,3668
7739,3668
7734,3668
7729,3668
7730,3668
7731,3668
7732,3668
7735,3668
7736,3668
7737,3668
7390,3872
7683,3977
7970,4093
8138,4211
8617,4472
8748,4556
9036,4733
9074,4761
9650,5067
9649,5067
9656,5067
9713,5098
9976,5230
10153,5305
10152,5305
2121,16702
2016,1024
2524,1024
2525,1024
2034,1033
2037,1036
2045,1036
2154,1120
10502,1120
10501,1120
10499,1120
10500,1120
2548,1312
3338,1702
3865,1966
3952,2017
3954,2017
4005,2044
4004,2044
4147,2122
5117,2609
5152,2622
5226,2622
5892,2622
5570,2622
5266,2680
5470,2793
6336,3240
6978,3623
6984,3623
7347,3851
7400,3877
7619,3961
8119,4199
8337,4323
8357,4333
8360,4333
8356,4333
8358,4333
8359,4333
8352,4333
8353,4333
8354,4333
8510,4416
8819,4602
10537,4602
10539,4602
9213,4843
9338,4925
10311,4925
9419,4979
9616,5052
10412,5423
8814,5976
9234,6599
2862,491
8888,689
7521,689
7522,689
1995,812
3191,812
7383,812
1929,971
1930,971
2813,1447
3138,1600
4548,1600
3750,1922
7639,1922
3903,1990
3902,1990
4143,2120
4174,2131
4471,2282
7845,2282
4591,2346
4592,2346
4579,2346
4590,2346
4948,2530
4958,2530
4957,2530
5506,2811
5507,2811
6928,3583
6950,3602
6704,3643
6714,3643
6705,3643
7006,3643
7007,3643
6706,3643
7173,3643
7030,3657
7077,3690
7078,3690
7445,3892
7439,3892
7438,3892
8104,4189
8163,4227
8263,4284
8545,4426
8602,4463
8663,4502
8661,4502
8662,4502
8680,4512
9336,4923
9873,5183
9874,5183
10213,5333
10212,5333
10525,5465
3103,5962
3102,5962
3104,5962
2453,82
5767,169
2833,169
2832,169
5954,247
2508,247
2480,247
2801,247
2923,247
7652,247
2328,821
2329,821
1913,958
2396,1280
4134,1280
2395,1280
2869,1475
3042,1544
3043,1544
3046,1545
3096,1545
6095,1545
3705,1545
7800,1545
10268,1579
3109,1579
3221,1645
3222,1645
4505,1755
3442,1755
3593,1860
3594,1860
4429,2258
4767,2444
4768,2444
5036,2574
5037,2574
5038,2574
5039,2574
5066,2590
9893,2590
5067,2590
5169,2629
5166,2629
5193,2629
5167,2629
5168,2629
5192,2629
5367,2733
5509,2813
5510,2813
5512,2813
5519,2813
5607,2857
5608,2857
7277,2857
5628,2866
5629,2866
5810,2951
5812,2951
5813,2951
5915,3006
10283,3006
5916,3006
9551,3006
5923,3011
5989,3043
6187,3150
6186,3150
6505,3330
6868,3546
7099,3699
7527,3928
7529,3930
7937,4076
7938,4076
7982,4104
8303,4306
8380,4347
8422,4366
8438,4366
8423,4366
8439,4372
9355,4936
10231,4936
9733,5109
9802,5142
10014,5235
10046,5253
10058,5260
10080,5270
10081,5270
10307,5374
10411,5422
10423,547
10424,547
10425,547
2009,1019
2010,1019
2379,1271
2380,1271
1908,1358
2659,1358
2595,1358
2650,1358
2657,1358
2588,1358
2656,1358
2648,1358
2653,1358
2655,1358
2872,1476
3009,1523
8387,1672
3277,1672
3291,1679
3290,1679
3951,1687
3310,1687
4524,1710
3352,1710
3578,1851
3579,1851
4009,2048
4128,2111
4717,2111
4129,2111
4223,2154
4460,2276
4461,2276
4527,2312
7649,2312
4525,2312
4526,2312
7650,2312
4556,2329
4664,2390
4802,2460
4804,2462
4919,2520
5060,2586
5139,2618
5138,2618
5369,2735
5423,2767
5422,2767
5707,2897
5706,2897
5885,2989
5961,3029
5962,3029
6016,3057
6258,3186
6305,3222
6592,3381
6593,3381
9114,3454
7324,3835
7640,3965
7641,3965
8401,3965
7645,3969
7979,4102
8058,4155
8710,4539
8711,4540
8778,4581
9199,4849
9219,4849
9837,5163
10279,5364
10580,5497
1786,903
1787,903
1789,903
2342,1244
2661,1360
2662,1360
2663,1360
2859,1468
10467,1539
3160,1609
9968,1609
9108,1609
3158,1609
3159,1609
6249,1820
3857,1965
3858,1965
3862,1965
3859,1965
3860,1965
3861,1965
3856,1965
3882,1977
6758,1977
3883,1977
4021,2053
4094,2094
4093,2094
4498,2300
4545,2300
4575,2344
5161,2627
5540,2831
5549,2835
5993,3046
5994,3046
6582,3374
6645,3411
7257,3790
7275,3802
8713,4542
8974,4698
8995,4709
9183,4823
9765,5128
10111,5285
5044,5319
10185,5319
10184,5319
10186,5319
10187,5319
10513,5456
8814,5979
1754,264
3251,264
4938,264
3252,264
9781,264
7719,264
1989,621
2537,621
5305,632
2991,715
6111,715
7579,715
6112,715
10105,951
5142,951
2538,951
1922,965
1923,965
1921,966
2085,1103
2089,1103
2170,1133
4763,1133
2336,1241
2339,1241
2338,1241
2333,1241
2334,1241
2335,1241
2500,1301
7688,1301
2601,1331
7552,1331
2603,1331
7550,1331
2600,1331
2602,1331
2607,1333
2608,1333
2836,1333
5238,1333
2619,1339
2617,1339
2618,1339
2674,1366
2892,1482
5664,1524
9889,1524
3011,1524
3022,1535
8884,1535
3160,1608
3156,1608
3157,1608
4055,1789
3490,1789
3599,1863
3654,1887
3651,1887
3652,1887
3653,1887
3728,1914
5258,1914
3937,2008
4506,2306
4508,2306
9968,2306
9108,2306
5047,2578
5105,2605
5104,2605
8468,2605
5106,2605
6198,3160
6783,3495
6784,3495
6953,3604
7183,3752
7496,3752
7420,3884
7419,3884
7478,3907
7530,3931
8222,4259
8715,4541
8714,4541
8801,4557
8749,4557
8803,4591
9202,4833
9895,5189
9894,5189
10545,5475
10557,5483
3346,16
7572,16
4375,314
2099,481
3815,481
3816,481
7392,481
2067,1055
2068,1055
2069,1055
2388,1055
2084,1067
2633,1350
2632,1350
2950,1494
2951,1494
3194,1627
4281,1846
3570,1846
9904,1846
4280,1846
3569,1846
3871,1971
3872,1971
3998,2040
3999,2040
4543,2323
4544,2323
9962,2323
4564,2337
4565,2337
6339,2337
4583,2337
4989,2554
4990,2554
5451,2780
5625,2864
6060,3080
6097,3111
6116,3111
7305,3111
8026,3111
6217,3170
6216,3170
6218,3170
6356,3250
6369,3260
6371,3260
6786,3497
6910,3568
7120,3709
7705,3980
8021,4130
10188,4130
8939,4673
8940,4673
8962,4688
8963,4688
9103,4777
9911,5194
10569,5491
10586,5502
8918,11731
5606,84
8362,760
1784,902
1785,902
2052,1045
4305,1335
2613,1335
6130,1335
2748,1411
6245,1481
3438,1753
3531,1815
3532,1815
4112,2030
3992,2030
4425,2254
4480,2290
7152,2290
4562,2335
4899,2513
5184,2640
5341,2640
10498,2640
5190,2640
5191,2640
5685,2888
2595,2888
5679,2888
5681,2888
5686,2888
5682,2888
5683,2888
5684,2888
5680,2888
6247,3051
6057,3076
6293,3212
6426,3287
6464,3309
6490,3323
6491,3323
6501,3328
6764,3488
7108,3705
7144,3724
7163,3724
7251,3785
7252,3785
7532,3933
7974,4097
8201,4250
9192,4250
8528,4421
8539,4430
8540,4430
8784,4585
8991,4706
9391,4960
9392,4960
9689,5084
9735,5110
9734,5110
9836,5162
9897,5190
9896,5190
9936,5210
9935,5210
9984,5231
9985,5231
10397,5408
2141,5588
9796,5944
1855,33
4452,33
5576,33
3748,33
8857,33
7082,33
7672,33
8851,33
1900,57
4693,57
10267,57
2263,57
7727,57
2259,1196
2320,1231
2486,1296
2487,1296
2880,1323
3051,1549
3084,1567
3085,1567
3086,1567
3274,1669
3437,1752
3583,1854
3582,1854
3603,1865
3604,1865
3605,1865
4558,2331
4815,2468
4816,2468
5012,2562
5013,2562
5052,2582
9592,2702
5307,2702
5407,2759
5406,2759
5414,2763
5415,2763
5795,2945
6132,3121
6172,3143
6261,3189
6594,3382
6891,3557
6890,3557
7566,3557
6923,3578
7155,3733
7746,3989
7790,4013
8154,4220
8264,4285
8297,4303
8298,4303
8412,4361
8411,4361
8989,4705
8990,4705
9071,4758
9082,4766
9083,4766
9329,4916
9567,5034
10195,5327
9589,253
9590,253
2443,397
2371,876
1974,998
2836,998
1994,1012
1996,1012
2029,1031
2307,1219
2490,1219
2352,1254
2635,1351
1983,1398
5071,1398
8527,1398
2734,1398
2822,1450
7814,1715
8140,1715
3360,1715
3361,1715
3363,1715
8926,1715
8139,1715
3753,1925
3790,1948
4007,2046
5415,2081
4073,2081
4373,2235
4464,2278
4533,2316
4866,2495
4894,2509
4908,2509
4895,2509
4998,2556
4997,2556
5164,2628
5165,2628
5162,2628
5163,2628
5393,2749
5711,2899
6308,3225
6755,3481
6756,3481
6754,3481
6947,3600
7049,3673
7269,3797
7372,3862
8278,4294
10542,4407
8500,4407
10232,4464
8603,4464
8626,4478
8695,4526
8810,4598
10144,4598
9029,4727
9027,4727
9028,4727
9066,4754
9235,4860
9411,4975
9662,5071
9663,5071
9676,5078
9784,5136
9792,5136
6535,58
9423,138
2398,370
3948,370
10433,370
2397,370
10432,370
5840,702
3007,1521
3319,1693
4167,2129
5786,2151
4214,2151
4330,2210
4566,2338
4584,2338
4705,2411
4749,2433
4748,2433
7413,2716
7416,2716
7418,2716
5337,2716
7414,2716
7417,2716
7412,2716
7415,2716
5403,2757
5404,2757
5429,2770
5627,2865
5794,2944
6361,3254
6451,3301
6452,3301
6554,3353
7829,4030
7830,4030
8208,4249
8659,4500
8747,4555
8807,4595
8849,4614
8893,4635
9032,4729
9034,4731
9102,4776
9393,4961
9501,5009
9502,5009
10194,5326
10233,5344
10361,5387
10367,5387
8678,16856
8739,16856
8921,16856
8677,16856
2046,465
8888,690
6721,738
1891,814
1882,934
2073,1059
2737,1401
7858,1401
2743,1407
3068,1558
3268,1665
3198,1713
3358,1713
3690,1906
4168,2130
4170,2130
4169,2130
4171,2130
4456,2272
4455,2272
4666,2391
9120,2391
4670,2391
9119,2391
4778,2448
4777,2448
5729,2910
7576,2910
5730,2910
6327,3236
6326,3236
6334,3239
6424,3286
6425,3286
6719,3450
6725,3453
6851,3533
7883,3533
6850,3533
6990,3631
6991,3631
7210,3765
7222,3769
7223,3769
7228,3774
7466,3900
7489,3912
7786,4010
8073,4165
8327,4316
8381,4348
8577,4450
8578,4450
8589,4454
8611,4469
8609,4469
8816,4599
10068,4599
10069,4599
8861,4621
8953,4681
8954,4681
9908,5191
1813,12215
1833,132
7745,132
2003,208
1917,962
1918,962
2552,962
2011,1020
2221,1170
9439,1170
2219,1170
2931,1170
2218,1170
2600,1170
3185,1622
3184,1622
3186,1622
3518,1805
7105,1805
7106,1805
3556,1837
4354,2228
5025,2569
5327,2709
10109,2709
5324,2709
5325,2709
5326,2709
5328,2709
5409,2760
5410,2760
5430,2771
5431,2771
5732,2912
5733,2912
5992,3045
6152,3131
6153,3131
9107,3458
9106,3458
6797,3458
6798,3458
7142,3722
8076,4168
8311,4308
8312,4308
8550,4436
8876,4627
8875,4627
8912,4650
8913,4650
9031,4728
9203,4834
9370,4948
10122,5290
10264,5357
3103,5966
3102,5966
2444,85
10116,85
10117,85
2799,248
2508,248
9430,248
2410,248
2922,248
2936,248
5957,248
9617,248
5623,495
2933,854
7654,854
2242,946
2100,1076
7565,1076
5621,1190
2271,1201
2273,1201
5365,1201
2272,1201
2776,1414
2778,1414
2777,1414
2766,1423
2802,1437
2867,1473
2866,1473
3162,1610
3413,1747
3656,1889
4087,2089
4109,2101
4235,2162
4347,2222
4510,2308
5319,2707
5851,2970
5850,2970
5854,2970
6376,3264
6805,3505
6909,3567
7098,3698
7349,3853
7496,3853
7434,3890
2595,3890
7433,3890
7435,3890
7873,4050
7874,4050
7962,4089
9038,4735
9345,4928
9347,4930
9466,4990
9670,5075
9698,5088
9699,5088
10495,5451
1948,7490
1965,22505
2826,22505
7700,22505
5081,91
7497,250
7213,725
7817,725
1955,981
2317,1228
7325,1298
2497,1298
2496,1298
2955,1496
2954,1496
3357,1712
3356,1712
3526,1809
3525,1809
3754,1926
3824,1953
4181,2134
4199,2140
4307,2195
4306,2195
4331,2211
4751,2434
4750,2434
4769,2445
4770,2445
5121,2611
5523,2821
5822,2955
7113,2955
6173,3144
6965,3144
8259,3144
6205,3156
6193,3156
6194,3156
6235,3180
6236,3180
6600,3386
6690,3430
6692,3430
6761,3485
6785,3496
7154,3732
7191,3756
7301,3819
7340,3845
8185,4241
8188,4241
8186,4241
8187,4241
8333,4320
8665,4504
8716,4543
8866,4543
8759,4567
6657,4567
8870,4623
8869,4623
8883,4623
8915,4652
9048,4740
9293,4898
9294,4898
9366,4945
9367,4945
9717,5100
9748,5116
9749,5116
10402,5413
2055,74
7343,74
3110,74
1966,163
5209,750
2039,1038
2356,1258
9326,1464
2850,1464
2851,1464
10417,1951
3814,1951
4602,2354
4605,2354
4606,2354
4689,2406
4690,2406
4691,2406
4704,2410
4703,2410
5099,2604
5100,2604
5098,2604
5101,2604
5106,2604
5295,2701
5296,2701
5754,2923
6301,3219
6534,3344
9996,3344
6677,3422
6678,3422
7386,3422
6941,3596
6960,3611
6981,3624
7316,3826
7985,4107
8334,4321
8335,4321
8347,4330
8516,4417
9024,4725
9025,4725
9683,5081
9685,5081
10256,5351
10255,5351
8955,26659
2421,27682
2420,27682
4173,14
7187,14
4166,14
8910,14
9568,14
3748,34
6626,34
9731,34
8858,34
4824,34
7711,34
4276,560
2293,1210
2289,1210
2404,1283
7823,1283
2499,1300
2705,1382
3116,1580
3112,1580
3987,1599
3986,1599
3318,1692
3365,1717
3366,1717
3511,1801
3512,1801
9434,1801
4180,2133
5041,2133
4179,2133
4755,2436
4754,2436
4753,2436
9443,2436
4775,2447
4776,2447
5177,2634
5176,2634
5746,2917
6352,2939
9558,2939
5780,2939
5792,2943
6185,3149
6184,3149
6237,3181
6286,3207
7909,4065
8147,4215
8148,4215
8768,4215
8209,4254
8210,4254
8440,4373
8449,4380
8640,4488
8758,4566
9171,4812
9335,4922
9618,5053
9728,5105
10374,5393
10384,5396
10382,5396
4058,335
8945,335
5102,772
5103,772
2152,1118
2157,1118
6408,1169
2217,1169
5725,1194
10237,1194
3257,1660
3258,1660
9412,1660
6558,1758
3450,1758
3773,1943
3885,1979
3887,1981
4084,2087
4082,2087
4085,2087
4083,2087
8372,2208
4326,2208
4522,2311
4563,2336
4620,2364
4745,2432
4746,2432
4749,2432
4747,2432
4970,2541
5075,2594
5418,2765
5752,2921
6224,3173
6225,3173
6232,3178
6231,3178
6359,3252
7984,4106
8052,4134
8053,4134
8442,4374
8441,4374
8562,4441
8558,4441
8559,4441
8774,4578
9218,4848
9318,4913
9319,4913
9317,4913
9499,5008
9500,5008
9882,5187
9883,5187
9954,5216
9950,5216
9957,5219
10012,5233
10011,5233
10165,5312
10164,5312
3995,21749
8745,23902
9428,130
9427,130
9609,130
3062,530
2289,530
10000,835
2184,1144
3045,1337
10485,1337
8494,1337
2615,1337
3225,1646
3798,1646
3223,1646
3224,1646
3795,1646
9437,1646
3941,2011
4211,2148
4343,2219
4588,2350
4951,2533
4959,2533
4046,2731
5719,2907
5720,2907
5765,2930
10526,2930
6555,3356
6934,3589
7024,3651
7274,3801
7769,4000
7765,4000
7838,4038
9194,4038
7898,4060
7899,4060
8193,4245
8339,4324
8338,4324
8418,4364
8417,4364
8718,4523
8692,4523
8698,4529
5191,4529
8788,4529
8764,4571
8765,4571
8763,4571
9097,4773
9907,4773
9099,4773
9122,4783
9121,4783
9679,5080
9680,5080
9682,5080
9678,5080
9681,5080
9788,5137
9789,5137
9801,5141
3103,5963
3102,5963
8068,16185
8067,16185
2194,106
7455,106
6641,106
7304,470
2992,716
6113,716
7579,716
1814,914
5735,914
2669,940
2090,1070
5501,1070
5503,1070
2165,1129
2166,1129
2688,1375
2900,1375
3551,1833
3909,1993
9890,1993
3910,1993
5092,2602
5093,2602
5095,2602
5094,2602
5106,2602
5354,2724
5353,2724
5518,2818
6866,2818
5552,2838
5704,2896
5705,2896
6196,3158
6450,3300
6449,3300
6448,3300
6457,3303
6653,3415
6654,3415
6655,3415
6657,3415
6656,3415
6716,3449
6717,3449
6718,3449
7125,3713
7126,3713
7832,4032
7990,4111
8461,4385
9282,4890
9283,4890
9602,5046
9603,5046
10399,5410
6156,50
8229,50
5303,50
3723,184
8943,184
8944,184
2609,478
10483,478
2610,478
9956,478
6322,852
2881,1002
2061,1052
2369,1052
2114,1086
2115,1087
8457,1087
2182,1142
2678,1369
2723,1393
6875,1393
6648,1446
2812,1446
2843,1462
2844,1462
7717,1510
9549,1510
3387,1730
3752,1924
7630,2024
3960,2024
4504,2305
4779,2449
4918,2518
4921,2518
5755,2924
5757,2924
5756,2924
5862,2975
6163,3139
6164,3139
6162,3139
7368,3139
5220,3183
6254,3183
6255,3183
6311,3228
6463,3308
6715,3448
7507,3919
7508,3919
7643,3967
7756,3995
8848,3995
7755,3995
7757,3996
8030,4137
9432,4137
8061,4158
8137,4210
8136,4210
8314,4309
8313,4309
8373,4340
8465,4387
8466,4387
8634,4482
8704,4534
8881,4630
8977,4701
9088,4769
9115,4781
9116,4781
9178,4819
9221,4851
9285,4891
9286,4891
9357,4938
9383,4956
9381,4956
9382,4956
9404,4971
9482,4999
9483,4999
10101,5281
10269,5358
10270,5358
10305,5372
4158,10824
4161,10824
4163,10824
3706,182
3707,182
2433,182
2434,182
7558,182
1815,527
2416,565
7694,732
1936,973
2313,1224
4825,1299
2498,1299
4523,1299
2558,1315
2560,1315
2559,1315
2999,1515
9043,1515
3534,1816
3535,1816
4035,2061
4090,2090
4089,2090
4114,2103
4115,2103
4509,2307
5011,2561
5059,2573
5866,2977
5865,2977
6569,3362
6575,3367
6627,3400
7141,3721
4328,3759
7441,3893
7440,3893
7706,3981
7708,3981
7707,3981
7935,4075
7991,4112
7996,4112
8036,4143
8108,4192
8429,4370
10026,5242
10192,5324
10197,5324
9992,388
5546,575
7556,683
1747,889
1864,929
9386,929
4113,929
2136,1104
3146,1104
3147,1104
3148,1104
2178,1137
2626,1344
3019,1532
3167,1612
3166,1612
3165,1612
3296,1681
3295,1681
3458,1762
3459,1762
3460,1762
4494,2298
4495,2298
4772,2446
4771,2446
4796,2456
4839,2481
4935,2527
5285,2617
5137,2617
5349,2722
8883,2722
5530,2827
5675,2885
9527,2885
5722,2908
5745,2916
5742,2916
5743,2916
5863,2976
5864,2976
6052,3072
6926,3581
7121,3710
7122,3710
7317,3830
8123,3830
7370,3860
7406,3881
7747,3990
9179,3990
8591,4455
9180,4820
9186,4820
9503,5010
9504,5010
9512,5014
9511,5014
9871,5182
9872,5182
10048,5254
10047,5254
8814,5975
2482,68
8085,68
9012,68
4195,68
6421,68
7430,68
2483,68
4196,68
4197,68
4614,68
5672,68
6422,68
7794,68
2066,76
7343,76
2060,1051
2080,1051
2676,1051
2124,1093
8633,1093
2298,1215
2565,1319
2975,1506
9548,1506
2974,1506
2976,1506
3024,1537
3174,1554
3058,1554
3675,1663
3549,1829
3548,1829
3600,1864
3777,1945
5148,2621
5147,2621
5173,2632
5195,2632
9521,2632
5612,2859
5615,2859
5896,2997
5895,2997
5929,3015
6017,3058
6101,3114
6165,3140
6166,3140
6982,3625
7308,3824
7582,3938
7965,3938
9538,3938
9445,3938
7594,3949
7593,3949
7981,4103
7980,4103
8243,4272
8624,4477
8623,4477
9089,4770
9090,4770
9175,4816
9354,4935
9396,4964
10070,5266
10071,5266
10072,5266
10407,5418
2810,79
4178,79
3838,178
4929,178
3836,178
3837,178
6328,178
2172,363
7718,657
2151,1117
2198,1284
2422,1284
2418,1284
2417,1284
2630,1348
3082,1348
3081,1348
2637,1352
2873,1477
2876,1477
2877,1477
3001,1516
5567,1814
5624,1814
3530,1814
5568,1814
6496,1950
3810,1950
3813,1950
4291,2187
4659,2389
4660,2389
4661,2389
4662,2389
4663,2389
4794,2455
4795,2455
4901,2510
4904,2510
4905,2510
4902,2510
4909,2510
7665,2510
4896,2510
4912,2510
4982,2548
4983,2548
5129,2614
5130,2614
5131,2614
5424,2768
8473,2768
5443,2776
5440,2776
5442,2776
5561,2842
5562,2842
6066,3083
6391,3271
8257,3271
6529,3341
6527,3341
6528,3341
6533,3343
6988,3629
7016,3649
7092,3697
7093,3697
7091,3697
7096,3697
7094,3697
7095,3697
7621,3963
7877,4051
7876,4051
7969,4092
8032,4139
8331,4318
8330,4318
8490,4400
8576,4449
8817,4600
8922,4659
9472,4994
9473,4994
9805,5144
9806,5144
10042,5246
10372,5392
10377,5392
10521,5461
5550,7573
2904,35
1756,43
1828,43
9607,43
7023,167
6608,195
7403,299
3738,299
9800,415
7288,415
1755,473
9413,473
2526,620
2527,620
2528,620
7381,747
7511,780
1925,968
2687,968
3794,968
6606,968
7088,968
3793,968
1986,1009
3209,1009
7631,1009
2318,1229
3355,1229
2467,1291
2510,1294
2473,1294
2542,1308
2838,1461
3169,1614
3177,1618
3176,1618
3478,1782
5107,2099
4962,2099
4107,2099
7919,2099
4293,2188
4294,2188
4292,2188
4491,2295
4490,2295
4654,2385
4786,2385
4707,2412
5563,2412
4734,2427
4736,2427
4733,2427
4731,2428
4766,2443
4765,2443
4774,2443
5291,2698
5609,2858
5610,2858
5615,2858
5709,2898
9460,2898
5708,2898
5899,2998
7506,3270
6390,3270
6587,3378
6588,3378
7177,3748
7313,3827
7359,3854
7471,3904
7470,3904
7774,4005
7773,4005
4207,4056
7889,4056
8215,4255
8213,4255
8214,4255
8212,4255
8469,4389
8470,4389
8491,4401
8681,4513
8682,4513
8931,4665
8972,4696
9141,4792
9250,4869
9251,4869
9380,4955
9980,5077
9674,5077
10274,5361
10275,5361
8811,5971
8065,137
8066,137
8068,137
8067,137
7635,802
2670,955
1985,1008
8120,1008
7634,1399
2735,1399
5338,1480
3023,1536
3032,1543
3033,1543
3034,1543
3036,1543
3035,1543
3238,1653
4068,2077
4067,2077
4069,2077
4716,2418
4969,2539
4967,2539
9899,2539
5454,2783
5455,2783
5521,2819
5748,2919
5787,2941
6140,3125
6141,3125
6325,3235
6324,3235
6394,3273
6469,3311
6568,3361
6757,3482
6810,3509
6817,3515
6845,3529
6936,3591
7104,3703
10240,3738
7160,3738
7943,3738
7178,3749
7194,3758
8317,4312
8318,4312
8891,4633
9129,4786
9130,4786
9131,4786
9128,4786
9233,4859
10567,5489
9745,5563
2368,11453
2367,11453
5881,11453
2300,1216
2299,1216
2806,1442
5840,1442
3981,2028
3982,2028
4186,2138
4414,2250
4415,2250
4787,2451
5516,2817
5517,2817
5860,3104
6125,3119
6126,3119
6844,3528
7158,3736
7642,3966
7815,4024
7992,4113
8554,4439
8555,4439
9052,4744
9054,4744
9211,4841
9255,4872
9975,5229
10391,5403
10406,5417
10538,5471
10539,5471
10547,5471
10568,5490
10592,5507
8855,36
3748,36
2192,1150
2193,1150
7456,1150
7457,1150
2222,1172
2501,1302
2639,1354
3220,1644
3376,1724
6974,1915
3731,1915
7664,1940
3769,1940
3830,1956
3829,1956
4023,2055
4071,2079
4252,2169
4251,2169
6239,2169
4405,2245
4404,2245
4657,2387
4678,2399
5208,2651
5330,2710
5478,2799
5480,2799
5481,2799
5476,2799
5479,2799
5760,2926
6090,3107
6190,3153
6489,3322
6488,3322
6932,3587
6938,3593
7710,3983
8130,4206
8144,4213
8143,4213
8262,4282
8261,4282
9331,4918
9356,4937
9368,4946
9614,5050
9823,5153
10371,5391
4372,8668
2715,1388
2716,1388
2997,1513
3405,1745
4002,2043
4003,2043
4039,2065
4278,2179
4279,2179
4596,2351
4579,2351
4593,2351
4595,2351
7569,2552
4984,2552
5230,2657
5278,2690
5400,2755
5459,2786
5460,2786
5638,2869
9949,2869
5689,2889
5688,2889
6014,3056
6015,3056
6183,3148
6182,3148
6205,3162
6200,3162
6201,3162
6202,3162
6283,3204
6309,3226
6840,3523
6970,3618
7042,3667
7164,3694
7945,4079
7947,4079
7946,4079
8022,4131
8049,4131
8157,4223
8363,4334
8694,4525
9176,4817
9254,4871
9275,4885
10560,5485
10561,5485
10584,5500
3425,30
1978,94
3173,94
6115,94
3172,94
6106,212
6107,212
6108,212
3482,402
2372,519
2924,556
7625,556
2925,556
6884,556
6315,556
2161,1125
2503,1206
2706,1206
10061,1492
3202,1630
3200,1630
3508,1799
3527,1810
3536,1817
3674,1894
4477,2287
4865,2494
5018,2565
5017,2565
5064,2588
5063,2588
5288,2695
5321,2708
5322,2708
5323,2708
6005,2708
5411,2761
6215,3169
6214,3169
7002,3641
7138,3719
7139,3719
8027,4133
8047,4149
8048,4149
8105,4190
8106,4190
8477,4392
8479,4392
8480,4392
8478,4392
8499,4406
8524,4406
8547,4434
8721,4544
8722,4544
8720,4544
8723,4544
8874,4626
8873,4626
8970,4694
9159,4805
9311,4909
9342,4926
9635,5061
9636,5061
9832,5158
9835,5161
9841,5166
10020,5238
10021,5238
10025,5241
10376,5394
10375,5394
10405,5416
10414,5416
3103,5967
8814,5978
9631,119
9633,119
9630,119
7880,647
7866,647
7616,751
9455,751
1957,983
2068,1056
2069,1056
2365,1056
2388,1056
2947,1165
2213,1165
2269,1199
2612,1334
2624,1343
2625,1343
3020,1533
3170,1615
3219,1643
6031,1952
3820,1952
4054,2072
4515,2310
4516,2310
4517,2310
4518,2310
5767,2397
4676,2397
4903,2514
5287,2694
5425,2769
5426,2769
5427,2769
5428,2769
5676,2886
6346,2886
6526,3340
6796,3455
6795,3455
6959,3610
7093,3696
7096,3696
7094,3696
7095,3696
7090,3696
7162,3740
7498,3916
7499,3916
7588,3944
7776,4007
7777,4007
7900,4061
8089,4179
8755,4563
8947,4676
8956,4682
9081,4765
9226,4854
9257,4874
9258,4874
10094,5277
10160,5310
10161,5310
10271,5359
10529,5468
4756,136
7570,825
2354,1256
2834,1457
3014,1527
3322,1695
3321,1695
3480,1784
3482,1784
4017,2051
4037,2063
4712,2416
4713,2416
4799,2457
4797,2457
4798,2457
4975,2544
4974,2544
5186,2642
9160,2642
10498,2642
5190,2642
5191,2642
5529,2826
5974,3032
6192,3155
6212,3168
6213,3168
6211,3168
6210,3168
6276,3196
6411,3196
6412,3196
6410,3196
6413,3196
6364,3257
6745,3474
6935,3590
7170,3743
7169,3743
7670,3971
7917,4068
8017,4126
8287,4298
8285,4298
8286,4298
8454,4384
8689,4520
8750,4558
8776,4558
8777,4558
8948,4677
9288,4894
9363,4942
9601,5045
9704,5092
9746,5115
10252,5350
10369,5390
10370,5390
2509,368
1869,400
2707,400
8234,400
3040,524
9968,524
9108,524
1812,913
1813,913
1842,913
1843,913
2440,913
2392,913
2391,913
2012,1021
4302,1021
2028,1029
2056,1048
2057,1048
2239,1185
10265,1185
2770,1426
3079,1565
3078,1565
3580,1852
3609,1867
4683,2403
10050,2403
5076,2595
5261,2677
5397,2752
5776,2937
6275,2937
5999,3050
9740,3050
6000,3050
6924,3579
7524,3925
8886,3925
8240,4270
8302,4305
8301,4305
8308,4307
8309,4307
8495,4404
8493,4404
8842,4608
8841,4608
9520,5018
9519,5018
5279,146
5280,146
8883,340
1845,922
7692,922
1958,984
2200,1154
2460,1285
2572,1326
2930,1326
9436,1326
2681,1371
2682,1371
7482,1452
3091,1452
3090,1452
3027,1540
3390,1733
9938,1733
3452,1760
3453,1760
3457,1760
4336,2214
4444,2266
4443,2266
4528,2313
4607,2356
4667,2392
4719,2420
8531,2645
5198,2645
5522,2820
5590,2850
5589,2850
5712,2900
9530,2900
9531,2900
6053,3073
10200,3073
6222,3172
6221,3172
6280,3201
6332,3390
6605,3390
6620,3397
9448,3397
6619,3397
6955,3606
6958,3609
7061,3682
7150,3730
7863,3836
7327,3836
7326,3836
7328,3836
7862,3836
7589,3945
7615,3960
7921,4069
9744,4069
8220,4258
8221,4258
8248,4275
8507,4413
9513,5015
9514,5015
9619,5054
9971,5227
10243,5345
10242,5345
10246,5346
6664,15
3092,15
1962,206
10107,206
2891,401
6447,810
10238,810
2547,810
1819,916
10238,916
7904,916
2130,1098
2562,1316
5789,1316
2672,1364
2790,1434
2853,1434
3240,1655
3359,1714
3577,1850
3576,1850
3613,1869
3612,1869
3614,1869
3664,1891
3680,1899
5140,1899
3899,1988
4024,2056
4025,2057
4301,2193
4300,2193
4758,2438
5061,2587
5062,2587
5242,2655
5243,2655
5970,3031
5971,3031
7046,3031
6227,3175
6553,3352
6846,3530
7052,3674
7526,3927
7954,4083
7955,4083
8190,4242
8189,4242
8199,4248
9151,4797
9303,4903
10065,5264
10067,5264
10512,5455
6421,69
9207,69
6422,69
2362,1264
2540,1306
5070,1306
2943,1484
2944,1484
2894,1484
4852,2488
5083,2597
5114,2607
5231,2658
2090,2809
5500,2809
5497,2809
10037,3319
6482,3319
6544,3346
6546,3346
6547,3347
6621,3398
6634,3403
6896,3560
6956,3607
7044,3670
7134,3716
8579,4451
8580,4451
8986,4704
8999,4704
8985,4704
8987,4704
8988,4704
9000,4704
9001,4704
9003,4704
9002,4704
9070,4757
9210,4840
9232,4858
10515,4858
10516,4858
9297,4900
9298,4900
9310,4908
9620,5055
4698,142
4843,142
3819,142
6253,155
6252,155
9150,155
2492,155
7792,155
2187,1147
2343,1245
5537,1245
5538,1245
2357,1259
2389,1278
2390,1278
2717,1389
7509,1389
3279,1674
8517,1703
3339,1703
3340,1703
3538,1819
4322,2204
5112,2606
5461,2787
5463,2787
6146,3128
6147,3128
6158,3136
6345,3243
6854,3536
7276,3803
7296,3816
7295,3816
7479,3908
7481,3909
8236,4267
8235,4267
8237,4267
8653,4496
9929,4617
8852,4617
8932,4666
8983,4702
8982,4702
9242,4863
9239,4863
9528,5021
9529,5021
9634,5060
10100,5151
9821,5151
9912,5195
10055,5258
10396,5407
10554,5480
8232,86
7844,422
1817,915
1818,915
1854,915
9722,915
9547,915
2576,993
3044,993
2030,1030
9110,1030
2146,1114
2459,1193
2257,1193
2284,1204
2285,1204
3093,1570
3498,1794
3499,1794
3501,1794
3550,1832
3702,1911
3704,1911
3701,1911
3703,1911
4225,2156
4323,2205
4350,2224
4355,2229
4400,2244
4401,2244
4488,2294
4487,2294
4489,2294
4486,2294
4492,2296
4502,2303
4681,2402
4682,2402
4823,2474
4822,2474
5268,2682
5597,2853
5596,2853
5777,2938
7112,3296
6441,3296
6581,3373
6728,3456
6727,3456
6852,3534
7224,3770
7975,4098
8077,4169
8126,4203
8382,4349
8384,4349
8383,4349
8727,4517
8686,4517
8726,4517
9059,4748
9328,4915
9760,5124
9793,5138
9790,5138
8812,5972
6657,7493
8646,26
5057,53
2511,228
2512,228
2513,228
1964,843
10085,843
10078,843
1774,898
1775,898
8458,898
4467,898
2628,1346
2893,1483
3666,1483
3665,1483
7716,1483
3025,1538
3071,1560
3072,1560
9644,1560
7860,1560
3129,1590
7703,1590
3384,1727
3414,1748
3541,1825
3764,1936
3771,1942
3772,1942
1788,2093
2780,2093
4604,2355
4605,2355
4603,2355
4606,2355
4850,2487
4851,2487
4923,2521
5245,2668
5250,2668
9900,2668
5272,2685
5508,2812
5759,2927
6284,3205
6298,3217
6405,3279
6659,3416
6684,3425
6957,3608
7460,3896
8165,4228
8164,4228
8418,4363
8415,4363
8416,4363
8467,4388
8885,4632
9292,4897
9291,4897
9334,4921
9595,5039
9596,5040
9845,5168
10082,5271
10168,5313
10211,5332
9745,6883
9746,6883
3038,198
3037,198
9408,310
9444,420
9459,629
8238,828
3791,828
3792,828
4116,828
3844,1454
6877,1454
3351,1709
3851,1963
3975,2027
4056,2027
3976,2027
3974,2027
3977,2027
3978,2027
3979,2027
4356,2230
4764,2442
5932,3016
6064,3082
6063,3082
6358,3251
6357,3251
6516,3335
9189,3335
6734,3464
6930,3585
7103,3702
7578,3937
7600,3954
7605,3954
8432,3958
7611,3958
7612,3958
7770,4002
7891,4057
9991,4057
8063,4160
8064,4160
8096,4185
8097,4185
8275,4293
8276,4293
8277,4293
8850,4616
8923,4660
8976,4700
9126,4785
9127,4785
9169,4811
10075,5268
10076,5268
10077,5268
8813,5973
6241,103
7410,103
6105,552
2023,1027
2158,1123
2325,1236
3951,2009
3938,2009
4081,2086
5085,2599
5084,2599
5525,2823
5526,2823
5660,2880
5659,2880
6320,3233
6397,3276
6419,3283
6418,3283
9778,3283
6782,3494
6861,3542
6862,3542
6860,3542
7599,3953
7993,4114
8006,4121
8007,4121
8118,4198
8117,4198
8538,4428
8546,4428
8575,4448
8621,4476
8622,4476
8958,4684
10491,4684
9158,4804
9621,5056
9622,5056
9739,5112
9740,5112
9918,5198
9917,5198
10005,5232
10007,5232
10003,5232
10006,5232
10008,5232
10004,5232
10041,5245
10039,5250
10040,5250
1948,7492
2937,199
8400,623
8435,623
4994,704
6477,704
2567,1321
2763,1421
2764,1421
2784,1429
8366,1465
2854,1465
9751,1465
2966,1501
3008,1522
3113,1581
3369,1720
4706,1720
8175,1803
7814,1803
8140,1803
8139,1803
3756,1928
4044,2069
4046,2069
4045,2069
4126,2109
4125,2109
4730,2426
4846,2483
4924,2522
5229,2656
5571,2845
6304,3223
6307,3223
6494,3325
6499,3327
6500,3327
6503,3329
6502,3329
6504,3329
6813,3512
6849,3532
6887,3555
7789,4012
8088,4178
8274,4292
8697,4528
8914,4651
8925,4662
9418,4978
9761,5125
10496,5452
10497,5452
10548,5476
8678,5570
8739,5570
8677,5570
7352,47
6649,219
2917,529
2916,529
2915,529
2918,529
10272,529
10022,562
1977,1000
5826,1000
2173,1135
2174,1135
3441,1311
2574,1311
2575,1311
2620,1340
2887,1479
2886,1479
3374,1723
3399,1739
3483,1786
4079,2085
4080,2085
9080,2348
9079,2348
4581,2348
4631,2371
4647,2380
4857,2489
4859,2489
5069,2592
10498,2637
5181,2637
5190,2637
5191,2637
5221,2654
5331,2711
5332,2711
10354,2713
5334,2713
5557,2840
6703,3437
6908,3566
7054,3675
7253,3786
7281,3807
7704,3979
8072,4164
8341,4326
8342,4326
8520,4418
8519,4418
8535,4427
8534,4427
8894,4636
9047,4739
9216,4846
9312,4910
9486,4939
9358,4939
9497,5007
9498,5007
9525,5020
9526,5020
9529,5020
9534,5023
9535,5023
9615,5051
10103,5282
10104,5282
10315,5370
10301,5370
10320,5380
10325,5381
10330,5381
10333,5381
10341,5381
10342,5381
10322,5381
10323,5381
10326,5381
10328,5381
10332,5381
10351,5381
10327,5381
10329,5381
10334,5381
10335,5381
10336,5381
10337,5381
10339,5381
10340,5381
10343,5381
10350,5381
10321,5381
10324,5381
10331,5381
10338,5381
10393,5405
6823,45
7216,45
8523,45
7218,45
7219,45
7220,45
10139,45
7217,45
5790,45
7221,45
4544,324
9962,324
4714,324
4066,1005
2086,1069
2087,1069
2088,1069
2372,1069
2364,1266
2912,1379
7297,1379
5744,1379
2695,1379
3505,1798
3506,1798
3507,1798
3868,1969
4015,2050
4016,2050
4183,2136
4200,2141
4317,2202
3789,2237
4381,2239
5359,2727
5560,2841
5559,2841
5662,2881
5998,3049
6168,3141
6167,3141
6169,3141
6815,3514
7066,3685
7117,3708
7119,3708
7118,3708
7321,3833
8311,3839
7332,3839
7614,3959
7613,3959
7956,4084
7972,4095
8180,4238
8388,4351
8738,4549
8798,4549
8799,4549
8821,4604
9532,5022
9533,5022
10319,5048
9612,5048
10191,5323
10259,5354
10260,5354
10400,5411
6171,13975
3718,3
3719,3
5301,3
5579,3
7555,3
7557,3
3717,3
2457,23
9968,390
9108,390
9963,390
9541,711
7579,711
6110,711
6109,711
4855,718
1990,818
5912,818
1914,959
1975,999
2032,1032
2685,1373
5259,1428
2779,1428
3331,1700
3332,1700
4787,1812
4788,1812
3533,1812
3913,1995
3912,1995
4914,2568
5024,2568
5185,2641
10498,2641
5190,2641
5191,2641
5544,2833
7824,2833
5543,2833
5949,3025
5860,3100
6267,3194
6294,3213
6295,3213
6445,3299
6446,3299
7309,3825
8200,3825
7421,3885
7422,3885
7531,3932
7976,4099
10298,4099
10297,4099
8396,4355
8398,4355
8397,4355
8489,4399
9061,4750
9965,5223
9968,5223
9108,5223
9964,5223
3487,771
2038,1037
6404,1037
6403,1037
3407,1282
2403,1282
3984,1282
2402,1282
7563,1282
9887,1525
5228,1525
9888,1525
3075,1563
10029,1563
3462,1763
3461,1763
4218,2149
4212,2149
5255,2674
5254,2674
5565,2843
5564,2843
6969,3413
6647,3413
6689,3431
6691,3431
6843,3527
9974,3632
6992,3632
7260,3632
7172,3744
7188,3754
7189,3754
7199,3760
7198,3760
7200,3760
7197,3760
7206,3764
7261,3792
8004,4120
8005,4120
8612,4470
8820,4603
8898,4640
8920,4657
9045,4738
9510,5013
9509,5013
9523,5019
9847,5170
9848,5170
10251,5349
3788,249
2143,1111
5860,1111
2296,1213
2463,1288
9325,1288
2563,1317
2825,1451
3041,1451
3115,1583
3281,1675
3280,1675
9107,1711
3353,1711
3354,1711
9106,1711
3932,2004
3933,2004
4036,2062
4224,2155
4341,2218
4342,2218
5040,2575
5379,2740
5381,2740
5747,2918
6150,3130
6151,3130
9146,3130
6234,3179
6233,3179
6760,3484
7015,3648
7255,3788
7307,3823
8515,3823
7330,3837
7329,3837
7468,3902
7620,3962
9691,3970
9754,3970
7750,3992
8198,4247
8197,4247
8595,4458
8678,4511
8733,4511
8675,4511
8735,4511
8741,4511
8730,4511
8731,4511
8732,4511
8739,4511
8677,4511
8679,4511
8809,4597
9154,4800
9222,4852
9223,4852
9629,4852
9372,4951
9384,4957
9729,5106
9811,5147
9812,5147
10227,5342
10470,5435
10524,5464
7758,6006
7446,443
1895,943
2902,943
2903,943
8464,943
5106,943
1901,947
1902,947
2054,1047
2541,1307
3218,1642
3486,1787
3485,1787
3516,1804
5859,1859
3592,1859
4092,2092
10379,2153
5637,2153
9979,2153
8878,2153
4222,2153
4616,2361
4617,2361
4618,2361
4652,2384
4741,2430
4744,2430
7685,2535
4953,2535
4954,2535
6495,2630
5170,2630
5292,2689
5277,2689
5714,2902
5717,2902
5918,3008
5975,3033
6043,3067
6262,3067
6400,3278
6402,3278
6399,3278
6401,3278
6744,3473
7137,3718
7136,3718
7271,3799
7490,3913
7595,3950
8129,4205
8192,4244
8295,4302
8296,4302
8294,4302
8293,4302
8414,4362
8450,4381
8574,4447
9016,4721
9042,4721
9017,4721
9018,4721
9824,5154
9863,5179
9864,5179
9865,5179
10049,5255
10073,5267
10074,5267
10581,5498
5769,9837
5770,9837
2687,174
5416,174
3969,174
3970,174
7826,190
7817,190
6720,737
2946,792
1896,944
1924,967
1956,982
2206,1159
2350,1252
2683,1372
2684,1372
2718,1390
2719,1390
5740,1390
2721,1391
2720,1391
7920,1391
3003,1518
10282,1620
3180,1620
6800,1719
3367,1719
3368,1719
3686,1904
9672,2010
9673,2010
3940,2010
4026,2058
5270,2058
4288,2184
4812,2466
5001,2558
5357,2726
5358,2726
6011,3053
6010,3053
6380,3266
7185,3753
7186,3753
8173,4234
8228,4264
8292,4301
8443,4375
9269,4879
9546,5027
9545,5027
9666,5073
10416,5425
10418,5426
10517,5457
3747,38
5547,38
3595,38
5548,38
2642,131
7633,432
6040,822
1746,888
3418,939
1972,996
5371,996
2252,1191
2291,1208
3123,1588
3388,1731
4221,2152
4709,2415
5734,2913
6372,3262
6373,3262
6570,3363
7008,3442
6709,3442
6710,3442
6708,3442
7436,3891
7804,4016
7835,4035
7851,4044
7852,4044
8343,4327
8462,4386
8463,4386
8805,4593
8847,4612
9270,4880
10489,4880
9563,5032
9850,5172
9878,5185
9877,5185
9910,5193
10145,5301
10177,5314
10189,5320
10306,5373
10582,5499
10583,5499
5677,7
6351,7
9020,7
7208,7
7209,7
1868,100
6037,100
8115,366
3315,850
7637,850
1857,924
1982,1006
2561,1006
6415,1006
7791,1006
2098,1075
2142,1110
2614,1336
3465,1765
3775,1944
3776,1944
4479,2289
4512,2309
4514,2309
4511,2309
5867,2978
10280,2978
6078,3090
6077,3090
6180,3133
6181,3133
6439,3295
6440,3295
6510,3332
6584,3376
6871,3548
7491,3914
7822,4025
7831,4031
10262,4031
8023,4062
7901,4062
7949,4080
7950,4080
8594,4457
8632,4481
8967,4692
8971,4695
9375,4953
10180,5316
10313,5378
10314,5378
10312,5378
10035,49
10036,49
1851,78
2415,78
5113,78
7951,230
4956,678
4949,678
1919,963
3689,963
1973,997
2430,1153
2432,1153
2599,1153
2418,1153
2417,1153
2431,1153
2600,1153
2230,1176
6335,1498
2963,1498
8071,1498
3394,1736
4000,2042
4001,2042
4226,2157
4427,2256
4478,2288
5767,2396
4673,2396
4674,2396
7316,2396
4679,2400
4721,2421
4944,2529
5046,2577
5088,2601
5089,2601
5090,2601
5091,2601
5106,2601
5282,2691
6226,3174
6290,3209
6834,3209
9641,3209
6350,3245
6602,3388
6688,3429
6692,3429
7114,3706
7366,3858
7402,3879
7971,4094
8818,4601
9199,4850
9220,4850
9766,5129
9767,5129
9892,5188
10059,5261
10060,5261
10310,5377
10408,5419
10492,5448
2152,21688
2551,309
5969,799
1945,977
1946,977
1947,977
1948,977
2129,1097
2361,1263
2638,1353
3089,1569
3648,1884
4078,2084
4077,2084
4318,2203
4319,2203
4321,2203
4459,2275
9579,2560
5010,2560
5318,2706
5317,2706
5316,2706
5941,3022
5945,3024
6263,3190
6931,3586
7827,4027
8044,4146
9653,4356
8402,4356
8911,4649
8966,4691
9056,4746
9055,4746
9125,4784
9165,4807
9371,4949
9468,4992
9822,5152
10128,5293
10178,5315
10250,5348
10388,5400
10468,5433
3100,21360
1875,369
2399,369
2400,369
4188,369
9946,369
2414,421
7844,421
2413,421
1862,648
3939,648
2062,1053
2081,1053
3305,1685
3306,1685
3759,1931
4287,2183
4286,2183
9903,2183
4963,2537
4999,2557
5189,2638
10498,2638
5191,2638
9162,2638
5527,2824
5673,2884
5674,2884
5715,2903
5960,3028
5965,3030
5964,3030
6062,3081
6061,3081
6189,3152
6332,3238
6476,3315
6477,3315
6599,3385
6642,3410
6974,3410
6803,3503
7374,3864
8279,4295
8453,4383
8476,4390
8505,4411
8506,4411
8521,4419
8522,4419
8766,4572
8768,4572
9284,4892
10140,5298
10511,5454
3063,73
5311,73
3443,364
10121,434
2516,434
2667,434
1898,945
3307,945
5972,945
7939,945
7409,945
8647,945
2244,1187
2520,1187
2363,1265
2368,1268
2367,1268
5881,1268
3016,1529
7503,1529
3098,1573
3615,1870
3616,1870
4146,2121
4274,2177
4275,2177
9990,2423
4811,2465
5286,2693
5767,2936
5775,2936
9769,2936
5893,2996
5894,2996
5910,3004
5909,3004
5911,3004
6367,3259
6368,3259
6366,3259
6579,3371
1948,3420
6671,3420
6673,3420
6672,3420
7135,3717
7382,3869
7591,3947
7853,4045
7854,4045
7859,4047
8122,4201
8409,4360
8410,4360
8760,4568
9021,4724
9022,4724
9023,4724
10473,5437
